State,County,Item Name,Quantity,Unit Cost,Ship Date
AL,MONTGOMERY               ,MINE RESISTANT VEHICLE,1,658000,2013-10-02
AL,CALHOUN                  ,MINE RESISTANT VEHICLE,1,658000,2013-10-10
AL,MOBILE                   ,MINE RESISTANT VEHICLE,1,412000,2013-09-05
AL,CHILTON                  ,MINE RESISTANT VEHICLE,1,658000,2013-08-29
AL,CHILTON                  ,MINE RESISTANT VEHICLE,1,412000,2013-09-06
AL,CULLMAN                  ,MINE RESISTANT VEHICLE,1,412000,2013-10-07
AL,MADISON                  ,MINE RESISTANT VEHICLE,1,412000,2013-10-01
AL,MORGAN                   ,MINE RESISTANT VEHICLE,1,412000,2013-10-04
AL,BLOUNT                   ,MINE RESISTANT VEHICLE,1,412000,2013-10-07
AL,CALHOUN                  ,MINE RESISTANT VEHICLE,1,412000,2013-10-04
AL,JEFFERSON                ,MINE RESISTANT VEHICLE,1,658000,2013-09-13
AR,BENTON                   ,MINE RESISTANT VEHICLE,1,733000,2014-04-21
AR,SALINE                   ,MINE RESISTANT VEHICLE,1,733000,2014-04-21
AR,BENTON                   ,MINE RESISTANT VEHICLE,1,733000,2014-05-14
AR,SALINE                   ,MINE RESISTANT VEHICLE,1,689000,2014-03-28
AR,CRAIGHEAD                ,MINE RESISTANT VEHICLE,1,733000,2014-05-14
AR,SEBASTIAN                ,MINE RESISTANT VEHICLE,1,733000,2014-05-14
AR,GARLAND                  ,MINE RESISTANT VEHICLE,1,733000,2014-04-21
AR,INDEPENDENCE             ,MINE RESISTANT VEHICLE,1,733000,2014-05-13
AR,PULASKI                  ,MINE RESISTANT VEHICLE,1,733000,2014-04-21
AR,JEFFERSON                ,MINE RESISTANT VEHICLE,1,733000,2014-04-21
AR,PULASKI                  ,MINE RESISTANT VEHICLE,1,733000,2014-05-14
AR,PULASKI                  ,MINE RESISTANT VEHICLE,1,733000,2014-04-21
AR,LONOKE                   ,MINE RESISTANT VEHICLE,1,733000,2014-05-14
AR,PULASKI                  ,MINE RESISTANT VEHICLE,1,658000,2013-10-01
AR,BENTON                   ,MINE RESISTANT VEHICLE,1,629800,2013-09-25
AR,MILLER                   ,MINE RESISTANT VEHICLE,1,733000,2014-04-21
AR,UNION                    ,MINE RESISTANT VEHICLE,1,733000,2014-05-14
AZ,PINAL                    ,MINE RESISTANT VEHICLE,1,733000,2014-03-03
AZ,MARICOPA                 ,MINE RESISTANT VEHICLE,1,658000,2013-11-06
AZ,MARICOPA                 ,MINE RESISTANT VEHICLE,1,733000,2014-02-13
AZ,YAVAPAI                  ,MINE RESISTANT VEHICLE,1,658000,2013-09-10
AZ,MOHAVE                   ,MINE RESISTANT VEHICLE,1,733000,2014-02-13
AZ,MOHAVE                   ,MINE RESISTANT VEHICLE,1,733000,2014-05-19
AZ,GILA                     ,MINE RESISTANT VEHICLE,1,733000,2014-02-13
AZ,PINAL                    ,MINE RESISTANT VEHICLE,1,733000,2014-03-03
AZ,NAVAJO                   ,MINE RESISTANT VEHICLE,1,658000,2013-10-24
AZ,MARICOPA                 ,MINE RESISTANT VEHICLE,1,733000,2014-02-13
AZ,MARICOPA                 ,MINE RESISTANT VEHICLE,1,689000,2014-03-28
AZ,MARICOPA                 ,MINE RESISTANT VEHICLE,1,658000,2013-08-14
AZ,YUMA                     ,MINE RESISTANT VEHICLE,1,658000,2013-09-05
CA,AMADOR                   ,MINE RESISTANT VEHICLE,1,733000,2014-03-06
CA,CONTRA COSTA             ,MINE RESISTANT VEHICLE,1,658000,2013-09-12
CA,RIVERSIDE                ,MINE RESISTANT VEHICLE,1,658000,2013-09-16
CA,BUTTE                    ,MINE RESISTANT VEHICLE,1,733000,2014-02-13
CA,KERN                     ,MINE RESISTANT VEHICLE,1,733000,2014-03-06
CA,SACRAMENTO               ,MINE RESISTANT VEHICLE,1,658000,2013-09-18
CA,LOS ANGELES              ,MINE RESISTANT VEHICLE,1,689000,2014-03-28
CA,FRESNO                   ,MINE RESISTANT VEHICLE,1,658000,2013-09-20
CA,LOS ANGELES              ,MINE RESISTANT VEHICLE,1,658000,2013-09-16
CA,YOLO                     ,MINE RESISTANT VEHICLE,1,689000,2014-03-28
CA,MONTEREY                 ,MINE RESISTANT VEHICLE,1,733000,2014-05-06
CA,LOS ANGELES              ,MINE RESISTANT VEHICLE,1,733000,2014-03-06
CA,HUMBOLDT                 ,MINE RESISTANT VEHICLE,1,658000,2013-09-25
CA,ORANGE                   ,MINE RESISTANT VEHICLE,1,733000,2014-02-13
CA,LOS ANGELES              ,MINE RESISTANT VEHICLE,1,412000,2013-09-16
CA,KERN                     ,MINE RESISTANT VEHICLE,1,733000,2014-02-13
CA,LOS ANGELES              ,MINE RESISTANT VEHICLE,1,733000,2014-03-06
CA,SAN JOAQUIN              ,MINE RESISTANT VEHICLE,1,733000,2014-02-13
CA,MERCED                   ,MINE RESISTANT VEHICLE,1,733000,2014-03-06
CA,NAPA                     ,MINE RESISTANT VEHICLE,1,733000,2014-03-06
CA,NEVADA                   ,MINE RESISTANT VEHICLE,1,733000,2014-02-13
CA,ORANGE                   ,MINE RESISTANT VEHICLE,1,733000,2014-05-01
CA,LOS ANGELES              ,MINE RESISTANT VEHICLE,1,733000,2014-03-06
CA,ORANGE                   ,MINE RESISTANT VEHICLE,1,733000,2014-05-19
CA,LOS ANGELES              ,MINE RESISTANT VEHICLE,1,412000,2013-09-11
CA,SAN BERNARDINO           ,MINE RESISTANT VEHICLE,1,658000,2013-09-16
CA,SAN MATEO                ,MINE RESISTANT VEHICLE,1,733000,2014-03-06
CA,ORANGE                   ,MINE RESISTANT VEHICLE,1,733000,2014-03-06
CA,MONTEREY                 ,MINE RESISTANT VEHICLE,1,658000,2013-09-09
CA,SAN DIEGO                ,MINE RESISTANT VEHICLE,1,733000,2014-03-06
CA,SANTA CLARA              ,MINE RESISTANT VEHICLE,1,733000,2014-02-13
CA,SANTA BARBARA            ,MINE RESISTANT VEHICLE,1,733000,2014-03-06
CA,EL DORADO                ,MINE RESISTANT VEHICLE,1,658000,2013-09-10
CA,SAN MATEO                ,MINE RESISTANT VEHICLE,1,658000,2013-09-24
CA,KERN                     ,MINE RESISTANT VEHICLE,1,733000,2014-02-13
CA,SOLANO                   ,MINE RESISTANT VEHICLE,1,733000,2014-05-06
CA,SOLANO                   ,MINE RESISTANT VEHICLE,1,733000,2014-02-13
CA,LOS ANGELES              ,MINE RESISTANT VEHICLE,1,733000,2014-03-06
CA,LOS ANGELES              ,MINE RESISTANT VEHICLE,1,733000,2014-03-06
CA,SISKIYOU                 ,MINE RESISTANT VEHICLE,1,658000,2013-09-18
CA,SUTTER                   ,MINE RESISTANT VEHICLE,1,733000,2014-02-13
CO,ARAPAHOE                 ,MINE RESISTANT VEHICLE,1,412000,2013-11-06
CO,FREMONT                  ,MINE RESISTANT VEHICLE,1,733000,2014-02-13
CO,WELD                     ,MINE RESISTANT VEHICLE,1,412000,2013-11-07
CO,LA PLATA                 ,MINE RESISTANT VEHICLE,1,658000,2013-09-18
CO,MONTROSE                 ,MINE RESISTANT VEHICLE,1,689000,2014-03-28
CO,PUEBLO                   ,MINE RESISTANT VEHICLE,1,733000,2014-02-13
CO,EAGLE                    ,MINE RESISTANT VEHICLE,1,733000,2014-05-06
CO,WELD                     ,MINE RESISTANT VEHICLE,1,733000,2014-02-13
CO,YUMA                     ,MINE RESISTANT VEHICLE,1,658000,2013-10-24
CT,HARTFORD                 ,MINE RESISTANT VEHICLE,1,733000,2014-02-13
CT,HARTFORD                 ,MINE RESISTANT VEHICLE,1,689000,2014-03-28
CT,NEW HAVEN                ,MINE RESISTANT VEHICLE,1,733000,2014-02-13
CT,HARTFORD                 ,MINE RESISTANT VEHICLE,1,733000,2014-03-06
CT,MIDDLESEX                ,MINE RESISTANT VEHICLE,1,733000,2014-02-13
CT,HARTFORD                 ,MINE RESISTANT VEHICLE,1,733000,2014-04-21
CT,FAIRFIELD                ,MINE RESISTANT VEHICLE,1,658000,2013-09-30
CT,NEW HAVEN                ,MINE RESISTANT VEHICLE,1,733000,2014-04-21
CT,LITCHFIELD               ,MINE RESISTANT VEHICLE,1,733000,2014-02-13
CT,WINDHAM                  ,MINE RESISTANT VEHICLE,1,658000,2013-09-13
CT,HARTFORD                 ,MINE RESISTANT VEHICLE,1,733000,2014-04-21
FL,ORANGE                   ,MINE RESISTANT VEHICLE,1,733000,2014-05-06
FL,CHARLOTTE                ,MINE RESISTANT VEHICLE,1,412000,2013-10-07
FL,PINELLAS                 ,MINE RESISTANT VEHICLE,1,733000,2014-02-13
FL,COLLIER                  ,MINE RESISTANT VEHICLE,1,733000,2014-05-06
FL,MIAMI-DADE               ,MINE RESISTANT VEHICLE,1,733000,2014-02-13
FL,MIAMI-DADE               ,MINE RESISTANT VEHICLE,1,733000,2014-02-13
FL,SUMTER                   ,MINE RESISTANT VEHICLE,1,733000,2014-05-19
FL,LEON                     ,MINE RESISTANT VEHICLE,1,733000,2014-03-06
FL,LEON                     ,MINE RESISTANT VEHICLE,1,733000,2014-02-13
FL,LEON                     ,MINE RESISTANT VEHICLE,1,733000,2014-05-06
FL,MIAMI-DADE               ,MINE RESISTANT VEHICLE,1,733000,2014-03-06
FL,LEE                      ,MINE RESISTANT VEHICLE,1,733000,2014-02-13
FL,SAINT LUCIE              ,MINE RESISTANT VEHICLE,1,733000,2014-02-13
FL,SAINT LUCIE              ,MINE RESISTANT VEHICLE,1,412000,2013-10-10
FL,ALACHUA                  ,MINE RESISTANT VEHICLE,1,733000,2014-03-06
FL,BROWARD                  ,MINE RESISTANT VEHICLE,1,733000,2014-05-01
FL,MIAMI-DADE               ,MINE RESISTANT VEHICLE,1,658000,2013-08-29
FL,ALACHUA                  ,MINE RESISTANT VEHICLE,1,412000,2013-10-04
FL,HIGHLANDS                ,MINE RESISTANT VEHICLE,1,412000,2013-09-13
FL,INDIAN RIVER             ,MINE RESISTANT VEHICLE,1,412000,2013-10-24
FL,PALM BEACH               ,MINE RESISTANT VEHICLE,1,733000,2014-05-06
FL,LAKE                     ,MINE RESISTANT VEHICLE,1,658000,2013-09-13
FL,ORANGE                   ,MINE RESISTANT VEHICLE,1,733000,2014-03-06
FL,MARTIN                   ,MINE RESISTANT VEHICLE,1,733000,2014-03-06
FL,MIAMI-DADE               ,MINE RESISTANT VEHICLE,1,658000,2013-09-04
FL,VOLUSIA                  ,MINE RESISTANT VEHICLE,1,733000,2014-02-13
FL,MIAMI-DADE               ,MINE RESISTANT VEHICLE,1,733000,2014-04-21
FL,MARION                   ,MINE RESISTANT VEHICLE,1,733000,2014-05-01
FL,PASCO                    ,MINE RESISTANT VEHICLE,1,412000,2013-09-19
FL,PINELLAS                 ,MINE RESISTANT VEHICLE,1,733000,2014-02-13
FL,PINELLAS                 ,MINE RESISTANT VEHICLE,1,733000,2014-02-13
FL,POLK                     ,MINE RESISTANT VEHICLE,1,658000,2013-10-15
FL,SAINT LUCIE              ,MINE RESISTANT VEHICLE,1,733000,2014-02-13
FL,PUTNAM                   ,MINE RESISTANT VEHICLE,1,412000,2013-08-29
FL,PALM BEACH               ,MINE RESISTANT VEHICLE,1,733000,2014-05-06
FL,OSCEOLA                  ,MINE RESISTANT VEHICLE,1,658000,2013-08-29
FL,SAINT LUCIE              ,MINE RESISTANT VEHICLE,1,412000,2013-09-05
FL,SAINT LUCIE              ,MINE RESISTANT VEHICLE,1,733000,2014-02-13
FL,SANTA ROSA               ,MINE RESISTANT VEHICLE,1,412000,2013-10-15
FL,SUWANNEE                 ,MINE RESISTANT VEHICLE,1,412000,2013-10-08
FL,MIAMI-DADE               ,MINE RESISTANT VEHICLE,1,733000,2014-03-06
FL,PINELLAS                 ,MINE RESISTANT VEHICLE,1,733000,2014-02-13
FL,VOLUSIA                  ,MINE RESISTANT VEHICLE,1,658000,2013-09-05
FL,WALTON                   ,MINE RESISTANT VEHICLE,1,658000,2013-10-04
FL,BREVARD                  ,MINE RESISTANT VEHICLE,1,658000,2013-09-06
GA,BANKS                    ,MINE RESISTANT VEHICLE,1,733000,2014-05-06
GA,MUSCOGEE                 ,MINE RESISTANT VEHICLE,1,658000,2013-10-24
GA,CRISP                    ,MINE RESISTANT VEHICLE,1,733000,2014-02-13
GA,DEKALB                   ,MINE RESISTANT VEHICLE,1,733000,2014-02-13
GA,JONES                    ,MINE RESISTANT VEHICLE,1,733000,2014-05-06
GA,LEE                      ,MINE RESISTANT VEHICLE,1,733000,2014-05-06
GA,LOWNDES                  ,MINE RESISTANT VEHICLE,1,412000,2013-09-11
GA,MORGAN                   ,MINE RESISTANT VEHICLE,1,733000,2014-02-13
GA,RICHMOND                 ,MINE RESISTANT VEHICLE,1,733000,2014-02-13
GA,CHATHAM                  ,MINE RESISTANT VEHICLE,1,658000,2013-10-24
GA,WALTON                   ,MINE RESISTANT VEHICLE,1,689000,2014-03-28
GA,HOUSTON                  ,MINE RESISTANT VEHICLE,1,733000,2014-02-13
HI,HONOLULU                 ,MINE RESISTANT VEHICLE,3,412000,2014-03-03
IA,BLACK HAWK               ,MINE RESISTANT VEHICLE,1,733000,2014-05-12
IA,BUENA VISTA              ,MINE RESISTANT VEHICLE,1,658000,2013-09-12
IA,DES MOINES               ,MINE RESISTANT VEHICLE,1,689000,2014-03-28
IA,JASPER                   ,MINE RESISTANT VEHICLE,1,733000,2014-02-13
IA,JOHNSON                  ,MINE RESISTANT VEHICLE,1,733000,2014-05-12
IA,MARSHALL                 ,MINE RESISTANT VEHICLE,1,733000,2014-05-12
IA,CERRO GORDO              ,MINE RESISTANT VEHICLE,1,733000,2014-02-13
IA,MUSCATINE                ,MINE RESISTANT VEHICLE,1,733000,2014-05-12
IA,SCOTT                    ,MINE RESISTANT VEHICLE,1,412000,2013-09-11
IA,WOODBURY                 ,MINE RESISTANT VEHICLE,1,733000,2014-05-12
IA,BUENA VISTA              ,MINE RESISTANT VEHICLE,1,733000,2014-02-13
IA,STORY                    ,MINE RESISTANT VEHICLE,1,733000,2014-02-13
IA,WASHINGTON               ,MINE RESISTANT VEHICLE,1,733000,2014-02-13
ID,ADA                      ,MINE RESISTANT VEHICLE,1,412000,2013-09-13
ID,CANYON                   ,MINE RESISTANT VEHICLE,1,733000,2014-04-21
ID,CANYON                   ,MINE RESISTANT VEHICLE,1,412000,2013-09-16
ID,BANNOCK                  ,MINE RESISTANT VEHICLE,1,733000,2014-03-06
ID,KOOTENAI                 ,MINE RESISTANT VEHICLE,1,658000,2013-09-12
ID,FRANKLIN                 ,MINE RESISTANT VEHICLE,1,658000,2013-09-11
IL,CHAMPAIGN                ,MINE RESISTANT VEHICLE,1,733000,2014-02-13
IL,COOK                     ,MINE RESISTANT VEHICLE,1,610764,2009-12-09
IL,DUPAGE                   ,MINE RESISTANT VEHICLE,1,689000,2014-03-28
IL,COOK                     ,MINE RESISTANT VEHICLE,1,733000,2014-02-13
IL,KANKAKEE                 ,MINE RESISTANT VEHICLE,1,658000,2013-09-13
IL,KENDALL                  ,MINE RESISTANT VEHICLE,1,733000,2014-02-13
IL,MCHENRY                  ,MINE RESISTANT VEHICLE,1,733000,2014-05-06
IL,WILL                     ,MINE RESISTANT VEHICLE,1,412000,2014-01-23T13:31:33
IL,WINNEBAGO                ,MINE RESISTANT VEHICLE,1,733000,2014-02-13
IL,LAKE                     ,MINE RESISTANT VEHICLE,1,658000,2013-09-06
IL,SANGAMON                 ,MINE RESISTANT VEHICLE,1,733000,2014-05-06
IL,MCHENRY                  ,MINE RESISTANT VEHICLE,1,733000,2014-05-01
IL,STEPHENSON               ,MINE RESISTANT VEHICLE,1,733000,2014-05-01
IL,FRANKLIN                 ,MINE RESISTANT VEHICLE,1,733000,2014-05-01
IL,WILLIAMSON               ,MINE RESISTANT VEHICLE,1,733000,2014-02-13
IL,LAKE                     ,MINE RESISTANT VEHICLE,1,658000,2013-09-11
IN,HAMILTON                 ,MINE RESISTANT VEHICLE,1,689000,2014-03-28
IN,JEFFERSON                ,MINE RESISTANT VEHICLE,1,658000,2013-09-09
IN,JOHNSON                  ,MINE RESISTANT VEHICLE,1,733000,2014-02-13
IN,MARION                   ,MINE RESISTANT VEHICLE,1,733000,2014-02-13
IN,LAKE                     ,MINE RESISTANT VEHICLE,1,412000,2013-10-04
IN,LA PORTE                 ,MINE RESISTANT VEHICLE,1,733000,2014-02-13
IN,ST JOSEPH                ,MINE RESISTANT VEHICLE,1,733000,2014-02-13
IN,MORGAN                   ,MINE RESISTANT VEHICLE,1,658000,2013-10-08
IN,LAKE                     ,MINE RESISTANT VEHICLE,1,733000,2014-05-06
IN,PULASKI                  ,MINE RESISTANT VEHICLE,1,412000,2013-10-07
IN,VIGO                     ,MINE RESISTANT VEHICLE,1,412000,2013-10-08
IN,TIPPECANOE               ,MINE RESISTANT VEHICLE,1,658000,2013-09-18
KS,COFFEY                   ,MINE RESISTANT VEHICLE,1,658000,2013-09-05
KS,MONTGOMERY               ,MINE RESISTANT VEHICLE,1,412000,2013-10-02
KS,LYON                     ,MINE RESISTANT VEHICLE,1,689000,2014-03-28
KS,JOHNSON                  ,MINE RESISTANT VEHICLE,1,412000,2013-10-04
KS,SEDGWICK                 ,MINE RESISTANT VEHICLE,1,658000,2013-11-12
KS,JOHNSON                  ,MINE RESISTANT VEHICLE,1,733000,2014-03-06
KY,KENTON                   ,MINE RESISTANT VEHICLE,1,412000,2013-08-28
KY,HENDERSON                ,MINE RESISTANT VEHICLE,1,658000,2013-09-05
KY,DAVIESS                  ,MINE RESISTANT VEHICLE,1,689000,2014-03-28
KY,MCCRACKEN                ,MINE RESISTANT VEHICLE,1,412000,2013-08-21
LA,ACADIA                   ,MINE RESISTANT VEHICLE,1,733000,2014-02-13
LA,ASCENSION                ,MINE RESISTANT VEHICLE,1,658000,2013-10-07
LA,ASSUMPTION               ,MINE RESISTANT VEHICLE,1,733000,2014-03-06
LA,EAST BATON ROUGE         ,MINE RESISTANT VEHICLE,1,412000,2013-10-03
LA,CALCASIEU                ,MINE RESISTANT VEHICLE,1,658000,2013-10-07
LA,FRANKLIN                 ,MINE RESISTANT VEHICLE,1,412000,2013-10-04
LA,JEFFERSON                ,MINE RESISTANT VEHICLE,1,733000,2014-03-06
LA,EAST BATON ROUGE         ,MINE RESISTANT VEHICLE,1,658000,2013-10-24
LA,LAFOURCHE                ,MINE RESISTANT VEHICLE,1,733000,2014-03-06
LA,CALCASIEU                ,MINE RESISTANT VEHICLE,1,733000,2014-03-06
LA,OUACHITA                 ,MINE RESISTANT VEHICLE,1,412000,2013-10-01
LA,RAPIDES                  ,MINE RESISTANT VEHICLE,1,733000,2014-02-13
LA,RAPIDES                  ,MINE RESISTANT VEHICLE,1,733000,2014-03-06
LA,SAINT TAMMANY            ,MINE RESISTANT VEHICLE,1,733000,2014-03-06
LA,SAINT CHARLES            ,MINE RESISTANT VEHICLE,1,689000,2014-03-28
LA,TANGIPAHOA               ,MINE RESISTANT VEHICLE,1,733000,2014-02-13
LA,WASHINGTON               ,MINE RESISTANT VEHICLE,1,733000,2014-02-13
LA,WEBSTER                  ,MINE RESISTANT VEHICLE,1,733000,2014-03-06
LA,WEST FELICIANA           ,MINE RESISTANT VEHICLE,1,733000,2014-02-13
MA,ESSEX                    ,MINE RESISTANT VEHICLE,1,658000,2014-01-30
MA,BRISTOL                  ,MINE RESISTANT VEHICLE,1,689000,2014-03-28
MA,BRISTOL                  ,MINE RESISTANT VEHICLE,1,658000,2014-01-30
MD,MONTGOMERY               ,MINE RESISTANT VEHICLE,1,733000,2014-04-21
MD,QUEEN ANNES              ,MINE RESISTANT VEHICLE,1,412000,2013-10-17
MD,WICOMICO                 ,MINE RESISTANT VEHICLE,1,733000,2014-04-21
ME,CUMBERLAND               ,MINE RESISTANT VEHICLE,1,689000,2014-03-28
ME,YORK                     ,MINE RESISTANT VEHICLE,1,658000,2013-09-17
ME,CUMBERLAND               ,MINE RESISTANT VEHICLE,1,658000,2013-09-23
MI,CALHOUN                  ,MINE RESISTANT VEHICLE,1,733000,2014-05-14
MI,ALLEGAN                  ,MINE RESISTANT VEHICLE,1,865000,2013-08-13
MI,BARRY                    ,MINE RESISTANT VEHICLE,1,412000,2013-10-07
MI,BERRIEN                  ,MINE RESISTANT VEHICLE,1,658000,2013-09-20
MI,CALHOUN                  ,MINE RESISTANT VEHICLE,1,733000,2014-05-13
MI,WAYNE                    ,MINE RESISTANT VEHICLE,1,733000,2014-05-13
MI,MONROE                   ,MINE RESISTANT VEHICLE,1,658000,2013-08-13
MI,WAYNE                    ,MINE RESISTANT VEHICLE,1,733000,2014-05-14
MI,EATON                    ,MINE RESISTANT VEHICLE,1,865000,2013-08-13
MI,WAYNE                    ,MINE RESISTANT VEHICLE,1,689000,2014-03-28
MI,LIVINGSTON               ,MINE RESISTANT VEHICLE,1,412000,2013-10-15
MI,MUSKEGON                 ,MINE RESISTANT VEHICLE,1,658000,2013-09-11
MI,NEWAYGO                  ,MINE RESISTANT VEHICLE,1,658000,2013-08-13
MI,SAGINAW                  ,MINE RESISTANT VEHICLE,1,658000,2013-08-13
MI,SAINT CLAIR              ,MINE RESISTANT VEHICLE,1,733000,2014-05-14
MI,OAKLAND                  ,MINE RESISTANT VEHICLE,1,733000,2014-05-14
MI,OAKLAND                  ,MINE RESISTANT VEHICLE,1,658000,2013-08-13
MN,DAKOTA                   ,MINE RESISTANT VEHICLE,1,658000,2013-08-30
MN,OLMSTED                  ,MINE RESISTANT VEHICLE,1,412000,2013-10-04
MN,PINE                     ,MINE RESISTANT VEHICLE,1,412000,2013-09-04
MN,STEARNS                  ,MINE RESISTANT VEHICLE,1,412000,2013-09-16
MN,SAINT LOUIS              ,MINE RESISTANT VEHICLE,1,412000,2013-09-16
MN,SHERBURNE                ,MINE RESISTANT VEHICLE,1,412000,2013-09-06
MN,WRIGHT                   ,MINE RESISTANT VEHICLE,1,658000,2013-09-18
MO,BATES                    ,MINE RESISTANT VEHICLE,1,658000,2013-11-05
MO,BUCHANAN                 ,MINE RESISTANT VEHICLE,1,733000,2014-03-06
MO,CAPE GIRARDEAU           ,MINE RESISTANT VEHICLE,1,733000,2014-02-13
MO,CASS                     ,MINE RESISTANT VEHICLE,1,733000,2014-02-13
MO,CHRISTIAN                ,MINE RESISTANT VEHICLE,1,412000,2013-09-25
MO,CLAY                     ,MINE RESISTANT VEHICLE,1,733000,2014-03-06
MO,COLE                     ,MINE RESISTANT VEHICLE,1,689000,2014-03-28
MO,GREENE                   ,MINE RESISTANT VEHICLE,1,733000,2014-04-14
MO,JACKSON                  ,MINE RESISTANT VEHICLE,1,733000,2014-04-21
MO,JASPER                   ,MINE RESISTANT VEHICLE,1,733000,2014-02-13
MO,DUNKLIN                  ,MINE RESISTANT VEHICLE,1,733000,2014-02-13
MO,MCDONALD                 ,MINE RESISTANT VEHICLE,1,733000,2014-04-14
MO,MORGAN                   ,MINE RESISTANT VEHICLE,1,733000,2014-02-13
MO,CHRISTIAN                ,MINE RESISTANT VEHICLE,1,733000,2014-04-14
MO,PULASKI                  ,MINE RESISTANT VEHICLE,1,733000,2014-04-14
MO,PHELPS                   ,MINE RESISTANT VEHICLE,1,733000,2014-04-21
MO,SAINT CHARLES            ,MINE RESISTANT VEHICLE,1,733000,2014-05-01
MO,SAINT CLAIR              ,MINE RESISTANT VEHICLE,1,733000,2014-04-21
MO,SAINTE GENEVIEVE         ,MINE RESISTANT VEHICLE,1,733000,2014-04-21
MO,STONE                    ,MINE RESISTANT VEHICLE,1,733000,2014-05-01
MS,DESOTO                   ,MINE RESISTANT VEHICLE,1,689000,2014-03-28
MT,FLATHEAD                 ,MINE RESISTANT VEHICLE,1,658000,2013-09-23
MT,CASCADE                  ,MINE RESISTANT VEHICLE,1,689000,2014-03-28
NC,BRUNSWICK                ,MINE RESISTANT VEHICLE,1,412000,2013-09-24
NC,CHEROKEE                 ,MINE RESISTANT VEHICLE,1,658000,2013-10-08
NC,CURRITUCK                ,MINE RESISTANT VEHICLE,1,412000,2013-10-03
NC,HARNETT                  ,MINE RESISTANT VEHICLE,1,658000,2013-09-11
NC,HALIFAX                  ,MINE RESISTANT VEHICLE,1,658000,2013-09-10
ND,RICHLAND                 ,MINE RESISTANT VEHICLE,1,689000,2014-03-28
ND,STUTSMAN                 ,MINE RESISTANT VEHICLE,1,658000,2013-10-04
NE,DOUGLAS                  ,MINE RESISTANT VEHICLE,1,733000,2014-03-03
NE,LANCASTER                ,MINE RESISTANT VEHICLE,1,412000,2013-09-16
NJ,MONMOUTH                 ,MINE RESISTANT VEHICLE,1,412000,2013-10-04
NM,OTERO                    ,MINE RESISTANT VEHICLE,1,412000,2013-10-15
NM,BERNALILLO               ,MINE RESISTANT VEHICLE,1,733000,2014-02-13
NM,SAN JUAN                 ,MINE RESISTANT VEHICLE,1,733000,2014-02-12
NM,EDDY                     ,MINE RESISTANT VEHICLE,1,733000,2014-02-13
NM,CIBOLA                   ,MINE RESISTANT VEHICLE,1,658000,2013-09-17
NM,CURRY                    ,MINE RESISTANT VEHICLE,1,412000,2013-11-04
NM,LUNA                     ,MINE RESISTANT VEHICLE,1,733000,2014-02-13
NM,SAN JUAN                 ,MINE RESISTANT VEHICLE,1,658000,2013-09-09
NM,LEA                      ,MINE RESISTANT VEHICLE,1,733000,2014-02-13
NM,VALENCIA                 ,MINE RESISTANT VEHICLE,1,658000,2013-08-29
NM,SANTA FE                 ,MINE RESISTANT VEHICLE,1,658000,2013-09-06
NM,DONA ANA                 ,MINE RESISTANT VEHICLE,1,733000,2014-02-13
NM,MCKINLEY                 ,MINE RESISTANT VEHICLE,1,733000,2014-02-13
NM,RIO ARRIBA               ,MINE RESISTANT VEHICLE,1,733000,2014-02-13
NM,SANDOVAL                 ,MINE RESISTANT VEHICLE,1,733000,2014-02-13
NM,CHAVES                   ,MINE RESISTANT VEHICLE,1,733000,2014-02-13
NM,LINCOLN                  ,MINE RESISTANT VEHICLE,1,733000,2014-02-13
NM,SAN JUAN                 ,MINE RESISTANT VEHICLE,1,733000,2014-02-13
NM,SANTA FE                 ,MINE RESISTANT VEHICLE,1,658000,2013-11-14
NM,VALENCIA                 ,MINE RESISTANT VEHICLE,1,658000,2013-09-16
NV,CARSON CITY              ,MINE RESISTANT VEHICLE,1,733000,2014-02-13
NV,ELKO                     ,MINE RESISTANT VEHICLE,1,658000,2013-09-18
NV,LYON                     ,MINE RESISTANT VEHICLE,1,733000,2014-02-13
NV,CLARK                    ,MINE RESISTANT VEHICLE,1,689000,2014-03-28
NV,HUMBOLDT                 ,MINE RESISTANT VEHICLE,1,658000,2013-10-08
NY,ALBANY                   ,MINE RESISTANT VEHICLE,1,658000,2013-09-27
NY,ERIE                     ,MINE RESISTANT VEHICLE,1,658000,2013-10-29
NY,JEFFERSON                ,MINE RESISTANT VEHICLE,1,658000,2013-08-26
NY,NASSAU                   ,MINE RESISTANT VEHICLE,1,412000,2013-09-18
NY,CLINTON                  ,MINE RESISTANT VEHICLE,1,658000,2013-09-11
NY,MONROE                   ,MINE RESISTANT VEHICLE,1,689000,2014-03-28
NY,STEUBEN                  ,MINE RESISTANT VEHICLE,1,658000,2013-09-23
NY,ONONDAGA                 ,MINE RESISTANT VEHICLE,1,658000,2013-09-23
NY,WARREN                   ,MINE RESISTANT VEHICLE,1,658000,2013-08-26
OH,ADAMS                    ,MINE RESISTANT VEHICLE,1,733000,2014-05-13
OH,STARK                    ,MINE RESISTANT VEHICLE,1,733000,2014-04-21
OH,ASHTABULA                ,MINE RESISTANT VEHICLE,1,733000,2014-02-13
OH,ATHENS                   ,MINE RESISTANT VEHICLE,1,733000,2014-05-06
OH,SUMMIT                   ,MINE RESISTANT VEHICLE,1,733000,2014-02-13
OH,GREENE                   ,MINE RESISTANT VEHICLE,1,733000,2014-04-21
OH,MAHONING                 ,MINE RESISTANT VEHICLE,1,733000,2014-03-06
OH,PORTAGE                  ,MINE RESISTANT VEHICLE,1,733000,2014-05-13
OH,MEDINA                   ,MINE RESISTANT VEHICLE,1,733000,2014-02-13
OH,STARK                    ,MINE RESISTANT VEHICLE,1,733000,2014-05-06
OH,COLUMBIANA               ,MINE RESISTANT VEHICLE,1,733000,2014-05-13
OH,COSHOCTON                ,MINE RESISTANT VEHICLE,1,733000,2014-04-21
OH,DELAWARE                 ,MINE RESISTANT VEHICLE,1,689000,2014-03-28
OH,FAIRFIELD                ,MINE RESISTANT VEHICLE,1,733000,2014-03-06
OH,GALLIA                   ,MINE RESISTANT VEHICLE,1,733000,2014-04-21
OH,GREENE                   ,MINE RESISTANT VEHICLE,1,733000,2014-05-13
OH,HOCKING                  ,MINE RESISTANT VEHICLE,1,733000,2014-04-14
OH,STARK                    ,MINE RESISTANT VEHICLE,1,733000,2014-03-06
OH,LICKING                  ,MINE RESISTANT VEHICLE,1,733000,2014-05-06
OH,LORAIN                   ,MINE RESISTANT VEHICLE,1,733000,2014-03-06
OH,LORAIN                   ,MINE RESISTANT VEHICLE,1,733000,2014-03-06
OH,MAHONING                 ,MINE RESISTANT VEHICLE,1,733000,2014-03-06
OH,MARION                   ,MINE RESISTANT VEHICLE,1,733000,2014-05-12
OH,MARION                   ,MINE RESISTANT VEHICLE,1,733000,2014-04-21
OH,MEIGS                    ,MINE RESISTANT VEHICLE,1,733000,2014-05-06
OH,TRUMBULL                 ,MINE RESISTANT VEHICLE,1,733000,2014-04-14
OH,FRANKLIN                 ,MINE RESISTANT VEHICLE,1,658000,2013-09-04
OH,OTTAWA                   ,MINE RESISTANT VEHICLE,1,733000,2014-05-12
OH,PICKAWAY                 ,MINE RESISTANT VEHICLE,1,658000,2013-09-16
OH,MIAMI                    ,MINE RESISTANT VEHICLE,1,733000,2014-04-21
OH,SCIOTO                   ,MINE RESISTANT VEHICLE,1,733000,2014-05-13
OH,ROSS                     ,MINE RESISTANT VEHICLE,1,733000,2014-05-12
OH,CUYAHOGA                 ,MINE RESISTANT VEHICLE,1,733000,2014-05-12
OH,STARK                    ,MINE RESISTANT VEHICLE,1,733000,2014-05-13
OH,LAKE                     ,MINE RESISTANT VEHICLE,1,733000,2014-03-06
OH,WOOD                     ,MINE RESISTANT VEHICLE,1,658000,2013-09-13
OK,WASHINGTON               ,MINE RESISTANT VEHICLE,1,733000,2014-02-13
OK,BECKHAM                  ,MINE RESISTANT VEHICLE,1,733000,2014-02-13
OK,TULSA                    ,MINE RESISTANT VEHICLE,1,733000,2014-02-13
OK,BRYAN                    ,MINE RESISTANT VEHICLE,1,733000,2014-05-13
OK,CADDO                    ,MINE RESISTANT VEHICLE,1,733000,2014-03-06
OK,CANADIAN                 ,MINE RESISTANT VEHICLE,1,733000,2014-02-13
OK,CARTER                   ,MINE RESISTANT VEHICLE,1,733000,2014-02-13
OK,CHEROKEE                 ,MINE RESISTANT VEHICLE,1,412000,2014-01-30
OK,CHEROKEE                 ,MINE RESISTANT VEHICLE,1,689000,2014-03-28
OK,COMANCHE                 ,MINE RESISTANT VEHICLE,1,733000,2014-02-13
OK,COMANCHE                 ,MINE RESISTANT VEHICLE,1,733000,2014-04-22
OK,CUSTER                   ,MINE RESISTANT VEHICLE,1,733000,2014-02-13
OK,GARFIELD                 ,MINE RESISTANT VEHICLE,1,689000,2014-03-28
OK,GRADY                    ,MINE RESISTANT VEHICLE,1,733000,2014-03-06
OK,LOGAN                    ,MINE RESISTANT VEHICLE,1,733000,2014-03-03
OK,CLEVELAND                ,MINE RESISTANT VEHICLE,1,733000,2014-02-13
OK,MUSKOGEE                 ,MINE RESISTANT VEHICLE,1,733000,2014-03-06
OK,JACKSON                  ,MINE RESISTANT VEHICLE,1,658000,2013-09-04
OK,OKLAHOMA                 ,MINE RESISTANT VEHICLE,1,733000,2014-03-06
OK,OKLAHOMA                 ,MINE RESISTANT VEHICLE,1,733000,2014-02-13
OK,OSAGE                    ,MINE RESISTANT VEHICLE,1,733000,2014-03-06
OK,PAYNE                    ,MINE RESISTANT VEHICLE,1,1309299,2013-10-31
OK,PITTSBURG                ,MINE RESISTANT VEHICLE,1,1084800,2013-10-30
OK,PONTOTOC                 ,MINE RESISTANT VEHICLE,1,733000,2014-02-13
OK,POTTAWATOMIE             ,MINE RESISTANT VEHICLE,1,733000,2014-02-13
OK,TULSA                    ,MINE RESISTANT VEHICLE,1,733000,2014-03-06
OK,TULSA                    ,MINE RESISTANT VEHICLE,1,733000,2014-03-06
OK,MUSKOGEE                 ,MINE RESISTANT VEHICLE,1,658000,2013-09-10
OK,WOODWARD                 ,MINE RESISTANT VEHICLE,1,733000,2014-03-06
OR,BAKER                    ,MINE RESISTANT VEHICLE,1,658000,2013-09-10
OR,CLACKAMAS                ,MINE RESISTANT VEHICLE,1,658000,2013-09-12
OR,DOUGLAS                  ,MINE RESISTANT VEHICLE,1,689000,2014-03-28
OR,DOUGLAS                  ,MINE RESISTANT VEHICLE,1,689000,2014-07-10T11:06:51
OR,JOSEPHINE                ,MINE RESISTANT VEHICLE,1,733000,2014-04-14
OR,KLAMATH                  ,MINE RESISTANT VEHICLE,1,733000,2014-05-19
OR,POLK                     ,MINE RESISTANT VEHICLE,1,658000,2013-09-10
OR,MARION                   ,MINE RESISTANT VEHICLE,1,733000,2014-05-19
PA,BEAVER                   ,MINE RESISTANT VEHICLE,1,733000,2014-05-12
PA,DELAWARE                 ,MINE RESISTANT VEHICLE,1,733000,2014-05-12
PA,DELAWARE                 ,MINE RESISTANT VEHICLE,1,733000,2014-02-13
PA,FAYETTE                  ,MINE RESISTANT VEHICLE,1,733000,2014-02-13
PA,BUCKS                    ,MINE RESISTANT VEHICLE,1,689000,2014-03-28
PA,ALLEGHENY                ,MINE RESISTANT VEHICLE,1,733000,2014-02-13
PA,MONTGOMERY               ,MINE RESISTANT VEHICLE,1,733000,2014-02-13
SC,AIKEN                    ,MINE RESISTANT VEHICLE,1,412000,2013-10-24
SC,ALLENDALE                ,MINE RESISTANT VEHICLE,1,733000,2014-02-13
SC,BEAUFORT                 ,MINE RESISTANT VEHICLE,1,689000,2014-03-28
SC,RICHLAND                 ,MINE RESISTANT VEHICLE,1,658000,2013-09-11
SC,DARLINGTON               ,MINE RESISTANT VEHICLE,1,658000,2013-09-19
SC,DORCHESTER               ,MINE RESISTANT VEHICLE,1,733000,2014-05-12
SC,FLORENCE                 ,MINE RESISTANT VEHICLE,1,658000,2013-09-10
SC,HORRY                    ,MINE RESISTANT VEHICLE,1,733000,2014-05-12
SC,LEXINGTON                ,MINE RESISTANT VEHICLE,1,733000,2014-02-13
SC,MARION                   ,MINE RESISTANT VEHICLE,1,658000,2013-09-10
SC,CHARLESTON               ,MINE RESISTANT VEHICLE,1,733000,2014-02-13
SC,NEWBERRY                 ,MINE RESISTANT VEHICLE,1,658000,2013-09-12
SC,AIKEN                    ,MINE RESISTANT VEHICLE,1,658000,2013-09-17
SC,ORANGEBURG               ,MINE RESISTANT VEHICLE,1,412000,2013-10-15
SC,PICKENS                  ,MINE RESISTANT VEHICLE,1,733000,2014-05-12
SC,RICHLAND                 ,MINE RESISTANT VEHICLE,1,658000,2013-09-11
SC,RICHLAND                 ,MINE RESISTANT VEHICLE,1,733000,2014-05-12
SC,SPARTANBURG              ,MINE RESISTANT VEHICLE,1,733000,2014-02-13
SC,SUMTER                   ,MINE RESISTANT VEHICLE,1,733000,2014-02-13
SD,DAVISON                  ,MINE RESISTANT VEHICLE,1,733000,2014-03-06
SD,HUGHES                   ,MINE RESISTANT VEHICLE,1,689000,2014-03-28
TN,BRADLEY                  ,MINE RESISTANT VEHICLE,1,733000,2014-05-19
TN,SULLIVAN                 ,MINE RESISTANT VEHICLE,1,733000,2014-05-19
TN,CARROLL                  ,MINE RESISTANT VEHICLE,1,733000,2014-05-19
TN,COFFEE                   ,MINE RESISTANT VEHICLE,1,733000,2014-05-19
TN,DICKSON                  ,MINE RESISTANT VEHICLE,1,733000,2014-05-19
TN,DYER                     ,MINE RESISTANT VEHICLE,1,733000,2014-02-13
TN,SUMNER                   ,MINE RESISTANT VEHICLE,1,658000,2013-08-14
TN,HAMILTON                 ,MINE RESISTANT VEHICLE,1,733000,2014-05-06
TN,HAWKINS                  ,MINE RESISTANT VEHICLE,1,733000,2014-05-19
TN,SUMNER                   ,MINE RESISTANT VEHICLE,1,658000,2013-08-19
TN,HICKMAN                  ,MINE RESISTANT VEHICLE,1,733000,2014-05-19
TN,MADISON                  ,MINE RESISTANT VEHICLE,1,733000,2014-05-14
TN,WASHINGTON               ,MINE RESISTANT VEHICLE,1,733000,2014-02-13
TN,KNOX                     ,MINE RESISTANT VEHICLE,1,733000,2014-02-13
TN,RUTHERFORD               ,MINE RESISTANT VEHICLE,1,733000,2014-05-14
TN,WILSON                   ,MINE RESISTANT VEHICLE,1,689000,2014-03-28
TN,MARSHALL                 ,MINE RESISTANT VEHICLE,1,658000,2013-08-14
TN,COFFEE                   ,MINE RESISTANT VEHICLE,1,733000,2014-05-19
TN,MONTGOMERY               ,MINE RESISTANT VEHICLE,1,733000,2014-05-19
TN,RUTHERFORD               ,MINE RESISTANT VEHICLE,1,412000,2013-08-20
TN,DAVIDSON                 ,MINE RESISTANT VEHICLE,1,733000,2014-05-19
TN,OVERTON                  ,MINE RESISTANT VEHICLE,1,733000,2014-05-19
TN,PUTNAM                   ,MINE RESISTANT VEHICLE,1,733000,2014-02-13
TN,SCOTT                    ,MINE RESISTANT VEHICLE,1,658000,2013-08-15
TN,SMITH                    ,MINE RESISTANT VEHICLE,1,733000,2014-02-13
TN,STEWART                  ,MINE RESISTANT VEHICLE,1,610764,2013-09-30
TN,TROUSDALE                ,MINE RESISTANT VEHICLE,1,733000,2014-05-14
TN,WASHINGTON               ,MINE RESISTANT VEHICLE,1,733000,2014-05-19
TN,WILLIAMSON               ,MINE RESISTANT VEHICLE,1,658000,2013-08-20
TN,WILSON                   ,MINE RESISTANT VEHICLE,1,733000,2014-05-19
TX,COLLIN                   ,MINE RESISTANT VEHICLE,1,658000,2013-08-29
TX,BRAZORIA                 ,MINE RESISTANT VEHICLE,1,733000,2014-02-13
TX,ANDERSON                 ,MINE RESISTANT VEHICLE,1,733000,2014-02-13
TX,AUSTIN                   ,MINE RESISTANT VEHICLE,1,733000,2014-03-06
TX,BASTROP                  ,MINE RESISTANT VEHICLE,1,658000,2013-09-06
TX,TARRANT                  ,MINE RESISTANT VEHICLE,1,733000,2014-02-13
TX,TARRANT                  ,MINE RESISTANT VEHICLE,1,733000,2014-02-13
TX,KENDALL                  ,MINE RESISTANT VEHICLE,1,733000,2014-04-14
TX,WASHINGTON               ,MINE RESISTANT VEHICLE,1,733000,2014-05-06
TX,CAMERON                  ,MINE RESISTANT VEHICLE,1,733000,2014-03-06
TX,CAMERON                  ,MINE RESISTANT VEHICLE,1,412000,2013-10-24
TX,WILLIAMSON               ,MINE RESISTANT VEHICLE,1,733000,2014-03-06
TX,COMAL                    ,MINE RESISTANT VEHICLE,1,658000,2013-08-29
TX,DALLAS                   ,MINE RESISTANT VEHICLE,1,658000,2013-09-04
TX,VAL VERDE                ,MINE RESISTANT VEHICLE,1,733000,2014-03-06
TX,DALLAS                   ,MINE RESISTANT VEHICLE,1,733000,2014-03-06
TX,DALLAS                   ,MINE RESISTANT VEHICLE,1,733000,2014-02-13
TX,ECTOR                    ,MINE RESISTANT VEHICLE,1,658000,2013-10-08
TX,PECOS                    ,MINE RESISTANT VEHICLE,1,733000,2014-02-13
TX,COOKE                    ,MINE RESISTANT VEHICLE,1,733000,2014-02-13
TX,GALVESTON                ,MINE RESISTANT VEHICLE,1,658000,2013-09-05
TX,WILLIAMSON               ,MINE RESISTANT VEHICLE,1,733000,2014-02-13
TX,ELLIS                    ,MINE RESISTANT VEHICLE,1,733000,2014-03-06
TX,HARRIS                   ,MINE RESISTANT VEHICLE,1,733000,2014-03-06
TX,HOOD                     ,MINE RESISTANT VEHICLE,1,733000,2014-03-06
TX,HARRIS                   ,MINE RESISTANT VEHICLE,1,733000,2014-02-13
TX,HARRIS                   ,MINE RESISTANT VEHICLE,1,733000,2014-03-06
TX,HUNT                     ,MINE RESISTANT VEHICLE,1,733000,2014-05-19
TX,JASPER                   ,MINE RESISTANT VEHICLE,1,733000,2014-02-13
TX,JEFFERSON                ,MINE RESISTANT VEHICLE,1,658000,2013-09-03
TX,JOHNSON                  ,MINE RESISTANT VEHICLE,1,733000,2014-02-13
TX,KLEBERG                  ,MINE RESISTANT VEHICLE,1,733000,2014-02-13
TX,GALVESTON                ,MINE RESISTANT VEHICLE,1,658000,2013-09-03
TX,WILLIAMSON               ,MINE RESISTANT VEHICLE,1,733000,2014-04-21
TX,BEXAR                    ,MINE RESISTANT VEHICLE,1,412000,2013-09-26
TX,GREGG                    ,MINE RESISTANT VEHICLE,1,733000,2014-03-06
TX,TARRANT                  ,MINE RESISTANT VEHICLE,1,733000,2014-04-14
TX,BURNET                   ,MINE RESISTANT VEHICLE,1,733000,2014-04-14
TX,MCLENNAN                 ,MINE RESISTANT VEHICLE,1,733000,2014-02-13
TX,MIDLAND                  ,MINE RESISTANT VEHICLE,1,733000,2014-02-13
TX,HIDALGO                  ,MINE RESISTANT VEHICLE,1,733000,2014-05-01
TX,MONTGOMERY               ,MINE RESISTANT VEHICLE,1,733000,2014-03-06
TX,MONTGOMERY               ,MINE RESISTANT VEHICLE,1,412000,2013-08-29
TX,NACOGDOCHES              ,MINE RESISTANT VEHICLE,1,733000,2014-03-06
TX,ORANGE                   ,MINE RESISTANT VEHICLE,1,733000,2014-03-06
TX,BRAZORIA                 ,MINE RESISTANT VEHICLE,1,733000,2014-03-06
TX,HIDALGO                  ,MINE RESISTANT VEHICLE,1,412000,2013-09-04
TX,REFUGIO                  ,MINE RESISTANT VEHICLE,1,733000,2014-02-13
TX,FORT BEND                ,MINE RESISTANT VEHICLE,1,733000,2014-04-14
TX,ROCKWALL                 ,MINE RESISTANT VEHICLE,1,689000,2014-03-28
TX,CAMERON                  ,MINE RESISTANT VEHICLE,1,733000,2014-04-14
TX,HAYS                     ,MINE RESISTANT VEHICLE,1,733000,2014-02-13
TX,GUADALUPE                ,MINE RESISTANT VEHICLE,1,733000,2014-03-06
TX,SMITH                    ,MINE RESISTANT VEHICLE,1,733000,2014-03-06
TX,BOWIE                    ,MINE RESISTANT VEHICLE,1,412000,2013-10-10
TX,TRAVIS                   ,MINE RESISTANT VEHICLE,1,733000,2014-04-14
TX,TRAVIS                   ,MINE RESISTANT VEHICLE,1,733000,2014-05-13
TX,HARRIS                   ,MINE RESISTANT VEHICLE,1,733000,2014-02-13
TX,TRAVIS                   ,MINE RESISTANT VEHICLE,1,412000,2013-10-24
TX,TRAVIS                   ,MINE RESISTANT VEHICLE,1,733000,2014-05-06
TX,HARRIS                   ,MINE RESISTANT VEHICLE,1,733000,2014-05-01
TX,TRAVIS                   ,MINE RESISTANT VEHICLE,1,733000,2014-03-06
TX,VAL VERDE                ,MINE RESISTANT VEHICLE,1,689000,2014-03-28
TX,VAN ZANDT                ,MINE RESISTANT VEHICLE,1,733000,2014-03-06
TX,VICTORIA                 ,MINE RESISTANT VEHICLE,1,412000,2013-09-04
TX,WICHITA                  ,MINE RESISTANT VEHICLE,1,733000,2014-03-06
TX,WICHITA                  ,MINE RESISTANT VEHICLE,1,412000,2013-09-09
TX,MCLENNAN                 ,MINE RESISTANT VEHICLE,1,733000,2014-02-13
TX,COLLIN                   ,MINE RESISTANT VEHICLE,1,733000,2014-03-06
UT,BOX ELDER                ,MINE RESISTANT VEHICLE,1,733000,2014-02-13
UT,IRON                     ,MINE RESISTANT VEHICLE,1,733000,2014-02-13
UT,IRON                     ,MINE RESISTANT VEHICLE,1,658000,2013-09-26
UT,SALT LAKE                ,MINE RESISTANT VEHICLE,1,689000,2014-03-28
UT,UTAH                     ,MINE RESISTANT VEHICLE,1,733000,2014-03-06
UT,WEBER                    ,MINE RESISTANT VEHICLE,1,733000,2014-03-06
VA,AMHERST                  ,MINE RESISTANT VEHICLE,1,733000,2014-04-14
VA,CULPEPER                 ,MINE RESISTANT VEHICLE,1,412000,2013-10-24
VA,FRANKLIN CITY            ,MINE RESISTANT VEHICLE,1,733000,2014-04-14
VA,FREDERICK                ,MINE RESISTANT VEHICLE,1,733000,2014-05-13
VA,HARRISONBURG CITY        ,MINE RESISTANT VEHICLE,1,733000,2014-04-14
VA,PRINCE WILLIAM           ,MINE RESISTANT VEHICLE,1,733000,2014-04-14
VA,MONTGOMERY               ,MINE RESISTANT VEHICLE,1,733000,2014-05-12
VA,PAGE                     ,MINE RESISTANT VEHICLE,1,733000,2014-05-12
VA,PITTSYLVANIA             ,MINE RESISTANT VEHICLE,1,733000,2014-05-13
VA,RUSSELL                  ,MINE RESISTANT VEHICLE,1,733000,2014-04-14
VA,TAZEWELL                 ,MINE RESISTANT VEHICLE,1,658000,2013-09-17
VA,VIRGINIA BEACH CITY      ,MINE RESISTANT VEHICLE,1,733000,2014-05-13
VA,WESTMORELAND             ,MINE RESISTANT VEHICLE,1,733000,2014-04-14
VA,WINCHESTER CITY          ,MINE RESISTANT VEHICLE,1,733000,2014-05-12
VA,WISE                     ,MINE RESISTANT VEHICLE,1,733000,2014-04-14
VA,YORK                     ,MINE RESISTANT VEHICLE,1,733000,2014-05-12
VT,WASHINGTON               ,MINE RESISTANT VEHICLE,1,658000,2013-12-13
WA,GRAYS HARBOR             ,MINE RESISTANT VEHICLE,1,733000,2014-05-13
WA,LEWIS                    ,MINE RESISTANT VEHICLE,1,658000,2013-09-10
WA,CHELAN                   ,MINE RESISTANT VEHICLE,1,658000,2013-09-12
WA,WHATCOM                  ,MINE RESISTANT VEHICLE,1,733000,2014-02-13
WA,YAKIMA                   ,MINE RESISTANT VEHICLE,1,412000,2013-09-12
WA,LEWIS                    ,MINE RESISTANT VEHICLE,1,733000,2014-02-13
WA,LINCOLN                  ,MINE RESISTANT VEHICLE,1,412000,2013-09-18
WA,SNOHOMISH                ,MINE RESISTANT VEHICLE,1,658000,2013-09-09
WA,MASON                    ,MINE RESISTANT VEHICLE,1,733000,2014-05-13
WA,ISLAND                   ,MINE RESISTANT VEHICLE,1,733000,2014-05-13
WA,PACIFIC                  ,MINE RESISTANT VEHICLE,1,733000,2014-05-13
WA,PIERCE                   ,MINE RESISTANT VEHICLE,1,733000,2014-02-13
WA,KING                     ,MINE RESISTANT VEHICLE,1,733000,2014-02-13
WA,SPOKANE                  ,MINE RESISTANT VEHICLE,1,689000,2014-03-28
WA,THURSTON                 ,MINE RESISTANT VEHICLE,1,733000,2014-02-13
WA,WALLA WALLA              ,MINE RESISTANT VEHICLE,1,733000,2014-02-13
WA,WHATCOM                  ,MINE RESISTANT VEHICLE,1,733000,2014-02-13
WI,OUTAGAMIE                ,MINE RESISTANT VEHICLE,1,733000,2014-02-13
WI,BROWN                    ,MINE RESISTANT VEHICLE,1,733000,2014-02-13
WI,CLARK                    ,MINE RESISTANT VEHICLE,1,733000,2014-05-19
WI,DODGE                    ,MINE RESISTANT VEHICLE,1,733000,2014-05-14
WI,DOOR                     ,MINE RESISTANT VEHICLE,1,733000,2014-05-14
WI,DUNN                     ,MINE RESISTANT VEHICLE,1,733000,2014-05-06
WI,EAU CLAIRE               ,MINE RESISTANT VEHICLE,1,733000,2014-03-06
WI,FOREST                   ,MINE RESISTANT VEHICLE,1,733000,2014-05-14
WI,JEFFERSON                ,MINE RESISTANT VEHICLE,1,733000,2014-05-14
WI,JUNEAU                   ,MINE RESISTANT VEHICLE,1,658000,2013-09-17
WI,LA CROSSE                ,MINE RESISTANT VEHICLE,1,733000,2014-05-06
WI,LINCOLN                  ,MINE RESISTANT VEHICLE,1,733000,2014-05-06
WI,DANE                     ,MINE RESISTANT VEHICLE,1,658000,2013-09-17
WI,WINNEBAGO                ,MINE RESISTANT VEHICLE,1,733000,2014-05-06
WI,MILWAUKEE                ,MINE RESISTANT VEHICLE,1,733000,2014-02-13
WI,PORTAGE                  ,MINE RESISTANT VEHICLE,1,733000,2014-03-06
WI,RACINE                   ,MINE RESISTANT VEHICLE,1,733000,2014-04-21
WI,SAINT CROIX              ,MINE RESISTANT VEHICLE,1,412000,2013-10-07
WI,SAWYER                   ,MINE RESISTANT VEHICLE,1,689000,2014-03-28
WI,PORTAGE                  ,MINE RESISTANT VEHICLE,1,733000,2014-05-12
WI,DOUGLAS                  ,MINE RESISTANT VEHICLE,1,733000,2014-04-21
WI,MONROE                   ,MINE RESISTANT VEHICLE,1,733000,2014-05-19
WI,WAUPACA                  ,MINE RESISTANT VEHICLE,1,733000,2014-04-21
WI,WOOD                     ,MINE RESISTANT VEHICLE,1,733000,2014-05-01
WV,MCDOWELL                 ,MINE RESISTANT VEHICLE,1,412000,2013-12-02
WY,BIG HORN                 ,MINE RESISTANT VEHICLE,1,658000,2013-09-30
WY,LARAMIE                  ,MINE RESISTANT VEHICLE,1,733000,2014-03-06
WY,LARAMIE                  ,MINE RESISTANT VEHICLE,1,689000,2014-03-28
WY,NATRONA                  ,MINE RESISTANT VEHICLE,1,733000,2014-03-06
