agency_name,state,agency_type
ABERDEEN POLICE DEPT,WA,local_police
ABERDEEN TOWNSHIP POLICE DEPT,NJ,local_police
ABINGTON TOWNSHIP POLICE DEPT,PA,local_police
ACCOMACK COUNTY SHERIFF DEPT,VA,sheriff_dept
ADAMS COUNTY SHERIFF DEPT,IN,sheriff_dept
ADAMSVILLE POLICE DEPT,AL,local_police
AGUADA POLICE DEPARTMENT,PR,local_police
AIKEN COUNTY SHERIFF DEPT,SC,sheriff_dept
AIKEN PUBLIC SAFETY DEPT,SC,public_safety
AL DEPT OF PUBLIC SAFETY,AL,public_safety
AL DEPT OF PUBLIC SAFETY HWY PATROL,AL,highway_patrol
AL DEPT OF PUBLIC SAFETY-ACJTC,AL,public_safety
AL IRONWORKS TANNEHILL RANGERS,AL,ranger
AL UNIV OF MONTEVALLO POLICE DEPT,AL,local_police
ALABASTER POLICE DEPT,AL,local_police
ALACHUA COUNTY SHERIFF DEPT,FL,sheriff_dept
ALAMEDA COUNTY SHERIFF DEPT,CA,sheriff_dept
ALAMOGORDO DEPT OF PUBLIC SAFETY,NM,public_safety
ALASKA STATE TROOPERS,AK,state_police
ALBA POLICE DEPT,TX,local_police
ALBANY POLICE DEPT,TX,local_police
ALBERT ELLIS AIRPORT POLICE AGENCY,NC,airport_police
ALBERTVILLE POLICE DEPT,AL,local_police
ALBUQUERQUE POLICE DEPT,NM,local_police
ALGOOD POLICE DEPT,TN,local_police
ALICEVILLE POLICE DEPT,AL,local_police
ALLEN CTY SHERIFF DEPT,OH,sheriff_dept
ALLEN POLICE DEPT,TX,local_police
ALLENHURST POLICE DEPT,NJ,local_police
ALLIANCE POLICE DEPT,OH,local_police
ALMA POLICE DEPT,CO,local_police
ALPINE COUNTY SHERIFF DEPT,CA,sheriff_dept
ALTOONA POLICE DEPT,AL,local_police
ALTURAS POLICE DEPT,CA,local_police
ALVIN POLICE DEPT,TX,local_police
AMHERST COUNTY SHERIFF DEPT,VA,sheriff_dept
AMHERST POLICE DEPT,NY,local_police
ANACONDA DEER LODGE CTY LEA,MT,
ANCHORAGE DEPT OF PUBLIC SAFETY,AK,public_safety
ANDALUSIA POLICE DEPT,AL,local_police
ANDERSON COUNTY SHERIFF DEPT,TN,sheriff_dept
ANDERSON COUNTY SHERIFF DEPT,KY,sheriff_dept
ANDERSON COUNTY SHERIFF'S OFFICE,SC,sheriff_dept
ANDREWS POLICE DEPT,NC,local_police
ANGOLA  POLICE DEPT,IN,local_police
ANNA  POLICE DEPT,IL,local_police
ANNE ARUNDEL COUNTY POLICE DEPT,MD,local_police
ANNISTON POLICE DEPT,AL,local_police
ANTHONY POLICE DEPT,TX,local_police
APACHE COUNTY SHERIFF DEPT,AZ,sheriff_dept
APACHE JUNCTION POLICE DEPT,AZ,local_police
APPALACHIA POLICE DEPT,VA,local_police
APPLE RIVER POLICE DEPT,IL,local_police
APPLETON POLICE DEPT,WI,local_police
ARAB POLICE DEPT,AL,local_police
ARCADIA POLICE DEPT,WI,local_police
ARCHULETA COUNTY SHERIFF DEPT,CO,sheriff_dept
ARECIBO POLICE DEPT,PR,local_police
ARGO POLICE DEPT,AL,local_police
ARLINGTON COUNTY POLICE DEPT,VA,local_police
ARLINGTON COUNTY SHERIFF DEPT,VA,sheriff_dept
AROOSTOOK COUNTY SHERIFF DEPT,ME,sheriff_dept
ARROYO GRANDE POLICE DEPT,CA,local_police
ASHLAND CITY POLICE DEPT,TN,local_police
ASHLEY COUNTY SHERIFF DEPT,AR,sheriff_dept
ASHTABULA CTY SHERIFF DEPT,OH,sheriff_dept
ASHTABULA POLICE DEPT,OH,local_police
ASHVILLE POLICE DEPT,AL,local_police
ASSUMPTION PARISH SHERIFF OFFICE,LA,sheriff_dept
ATHENS CTY SHERIFF DEPT,OH,sheriff_dept
ATHENS POLICE DEPT,IL,local_police
ATKINSON COUNTY SHERIFF DEPT,GA,sheriff_dept
ATTALLA POLICE DEPT,AL,local_police
AUBURN POLICE DEPT,NY,local_police
AUBURN POLICE DEPT,IN,local_police
AUBURN POLICE DEPT,AL,local_police
AUGLAIZE CTY SHERIFF DEPT,OH,sheriff_dept
AURORA POLICE DEPT,CO,local_police
AUSTIN POLICE DEPT,TX,local_police
AUTAUGA COUNTY SHERIFF DEPT,AL,sheriff_dept
AVALON POLICE DEPT,NJ,local_police
AVENAL POLICE DEPT,CA,local_police
AVENAL STATE PRISON,CA,prison
AVON BY THE SEA POLICE DEPT,NJ,local_police
AVONDALE POLICE DEPT,AZ,local_police
AYDEN POLICE DEPT,NC,local_police
AYNOR POLICE DEPT,SC,local_police
AZ DEPT OF FISH AND GAME,AZ,fish_and_wildlife
AZ US ICE ENFORCEMENT & REMOVAL OPS,AZ,ice
AZLE POLICE DEPT,TX,local_police
BAINBRIDGE TWP POLICE DEPT,OH,local_police
BAKER COUNTY SHERIFF'S OFFICE,GA,sheriff_dept
BAKER CTY SHERIFF DEPT,OR,sheriff_dept
BAKERSFIELD POLICE DEPT,CA,local_police
BALDWIN CITY POLICE DEPARTMENT,KS,local_police
BALDWIN COUNTY SHERIFF DEPT,GA,sheriff_dept
BALTIMORE POLICE DEPT,MD,local_police
BALTIMORE WATERSHED POLICE,MD,
BANKS COUNTY SHERIFF DEPT,GA,sheriff_dept
BARBOUR COUNTY SHERIFF DEPT,AL,sheriff_dept
BARCELONETA POLICE DEPT,PR,local_police
BARDWELL POLICE DEPT,KY,local_police
BARNEGAT TOWNSHIP POLICE DEPT,NJ,local_police
BARNES COUNTY SHERIFF DEPT,ND,sheriff_dept
BARREN COUNTY SHERIFF DEPT,KY,sheriff_dept
BARRETT TOWNSHIP POLICE DEPT,PA,local_police
BARRINGTON POLICE DEPT,RI,local_police
BARRINGTON POLICE DEPT,IL,local_police
BARROW COUNTY SHERIFF DEPT,GA,sheriff_dept
BARTLESVILLE POLICE DEPT,OK,local_police
BARTONVILLE POLICE DEPT,IL,local_police
BASTROP COUNTY SHERIFF'S OFFICE,TX,sheriff_dept
BASTROP POLICE DEPT,TX,local_police
BATH COUNTY SHERIFF DEPT,KY,sheriff_dept
BAUXITE POLICE DEPT,AR,local_police
BAY COUNTY SHERIFF DEPT,FL,sheriff_dept
BAYFIELD MARSHALS OFFICE,CO,marshal
BEAUREGARD PARISH SHERIFF DEPT,LA,sheriff_dept
BEAVERCREEK POLICE DEPT,OH,local_police
BEDFORD COUNTY SHERIFF DEPT,TN,sheriff_dept
BEDFORD POLICE DEPARTMENT,IA,local_police
BEEBE POLICE DEPT,AR,local_police
BEECHER POLICE DEPT,IL,local_police
BEL AIRE POLICE DEPARTMENT,KS,local_police
BELKNAP COUNTY SHERIFF DEPT,NH,sheriff_dept
BELL COUNTY SHERIFF DEPT,TX,sheriff_dept
BELL GARDENS POLICE DEPT,CA,local_police
BELLEVILLE POLICE DEPT,IL,local_police
BELLEVILLE POLICE DEPT,NJ,local_police
BELLEVUE POLICE DEPT,KY,local_police
BELLMEAD POLICE DEPT,TX,local_police
BELMAR POLICE DEPT,NJ,local_police
BELVIDERE POLICE DEPT,IL,local_police
BENAVIDES POLICE DEPT,TX,local_police
BENNINGTON COUNTY SHERIFF DEPT,VT,sheriff_dept
BENT COUNTY SHERIFF,CO,sheriff_dept
BENTON COUNTY SHERIFF DEPT,TN,sheriff_dept
BENTON POLICE DEPT,AR,local_police
BERKELEY TOWNSHIP POLICE DEPT,NJ,local_police
BERNICE POLICE DEPT,OK,local_police
BERRIEN COUNTY SHERIFF DEPT,GA,sheriff_dept
BESSEMER POLICE DEPT,AL,local_police
BETHEL POLICE DEPT,AK,local_police
BETHEL POLICE DEPT,NC,local_police
BETHLEHEM POLICE DEPT,PA,local_police
BEXAR COUNTY CONSTABLE PRECINCT 2,TX,local_police
BEXAR COUNTY CONSTABLE PRECINCT 4,TX,local_police
BIG HORN COUNTY SHERIFF'S OFFICE,WY,sheriff_dept
BILLERICA AUXILIARY POLICE (EMA),MA,local_police
BILOXI POLICE DEPT,MS,local_police
BIRMINGHAM POLICE DEPT,AL,local_police
BLACK RIVER FALLS POLICE DEPT,WI,local_police
BLACKFORD COUNTY SHERIFF OFFICE,IN,sheriff_dept
BLAINE CTY SHERIFF DEPT,MT,sheriff_dept
BLOOMFIELD POLICE DEPT,NM,local_police
BLOOMSBURG POLICE DEPT,PA,local_police
BLOOMVILLE POLICE DEPT,OH,local_police
BLOUNT COUNTY SHERIFF DEPT,AL,sheriff_dept
BOARDMAN POLICE DEPT,OR,local_police
BOARDMAN POLICE DEPT,OH,local_police
BOAZ POLICE DEPT,AL,local_police
BOLINGBROOK POLICE DEPT,IL,local_police
BOLIVAR POLICE DEPT,TN,local_police
BOND COUNTY SHERIFF DEPT,IL,sheriff_dept
BONNER COUNTY SHERIFF OFFICE,ID,sheriff_dept
BOONE COUNTY SHERIFF DEPT,AR,sheriff_dept
BOONE COUNTY SHERIFF DEPT,KY,sheriff_dept
BOSCAWEN POLICE DEPT,NH,local_police
BOUNDARY COUNTY SHERIFF DEPT,ID,sheriff_dept
BOURBON COUNTY SHERIFF DEPT,KY,sheriff_dept
BOURBON POLICE DEPT,IN,local_police
BOWIE COUNTY  SHERIFF DEPT,TX,sheriff_dept
BOYLE COUNTY SHERIFF DEPT,KY,sheriff_dept
BRADFORD POLICE DEPT,IL,local_police
BRADLEY POLICE DEPT,IL,local_police
BRANDENBURG POLICE DEPT,KY,local_police
BRAZOS COUNTY SHERIFF'S OFFICE,TX,sheriff_dept
BREESE POLICE DEPT,IL,local_police
BREMEN POLICE DEPT,GA,local_police
BRENTWOOD POLICE DEPT,NH,local_police
BREVARD COUNTY SHERIFF DEPT,FL,sheriff_dept
BRICK TOWNSHIP POLICE DEPT,NJ,local_police
BRIDGEVILLE POLICE DEPARTMENT,DE,local_police
BRIGHTON POLICE DEPT,CO,local_police
BRIGHTON POLICE DEPT,AL,local_police
BRILLIANT POLICE DEPT,AL,local_police
BRISTOL COUNTY SHERIFF DEPT,MA,sheriff_dept
BROADVIEW POLICE DEPT,IL,local_police
BROOKE COUNTY SHERIFF'S DEPT,WV,sheriff_dept
BROOKFIELD POLICE DEPT,CT,local_police
BROOKLYN POLICE DEPT,IL,local_police
BROOKPORT POLICE DEPT,IL,local_police
BROOKS COUNTY SHERIFFS OFFICE,GA,sheriff_dept
BROWN COUNTY SHERIFF DEPT,IN,sheriff_dept
BROWN COUNTY SHERIFF DEPT,WI,sheriff_dept
BROWNSVILLE POLICE DEPT,TX,local_police
BRUNSWICK COUNTY SHERIFF OFFICE,NC,sheriff_dept
BRUNSWICK POLICE DEPT,OH,local_police
BRUNSWICK POLICE DEPT,ME,local_police
BRYAN CTY SHERIFF DEPT,OK,sheriff_dept
BRYANT POLICE DEPT,AR,local_police
BUCHTEL POLICE DEPT,OH,local_police
BUCKEYE POLICE DEPT,AZ,local_police
BUCKLAND POLICE DEPT,OH,local_police
BUENA VISTA COUNTY SHERIFF OFFICE,IA,sheriff_dept
BULLITT COUNTY SHERIFF DEPT,KY,sheriff_dept
BURDEN POLICE DEPT,KS,local_police
BURIEN POLICE DEPARTMENT,WA,local_police
BUTLER CTY SHERIFF DEPT,OH,sheriff_dept
BUTLER POLICE DEPT,AL,local_police
BUTTE COUNTY SHERIFF DEPT,CA,sheriff_dept
CA CORRECTIONAL SAFETY,CA,prison
CA DEPT OF CORRECTIONS & REHAB,CA,prison
CA DEPT OF FISH AND GAME HQ,CA,fish_and_wildlife
CABELL COUNTY SHERIFF'S DEPT,WV,sheriff_dept
CABO ROJO POLICE DEPT,PR,local_police
CACHE POLICE DEPT,OK,local_police
CALAIS POLICE DEPT,ME,local_police
CALAVERAS COUNTY SHERIFF DEPT,CA,sheriff_dept
CALHOUN CO SHERIFF DEPT,AL,sheriff_dept
CALIFORNIA CITY POLICE DEPT,CA,local_police
CAMBRIDGE POLICE DEPT,MD,local_police
CAMDEN POLICE DEPT,ME,local_police
CAMPBELL COUNTY SHERIFF'S OFFICE,WY,sheriff_dept
CAMPBELL POLICE DEPT,CA,local_police
CAMPBELLSVILLE POLICE DEPT,KY,local_police
CANADIAN CTY SHERIFF DEPT,OK,sheriff_dept
CANEY POLICE DEPT,TX,local_police
CANNON COUNTY SHERIFF DEPT,TN,sheriff_dept
CANON CITY POLICE DEPARTMENT,CO,local_police
CANON POLICE DEPT,GA,local_police
CANTON POLICE DEPT,OH,local_police
CANYON COUNTY SHERIFF OFFICE,ID,sheriff_dept
CAPE MAY COUNTY PROSECUTOR,NJ,prosecutor
CAPITOL HEIGHTS POLICE DEPT,MD,local_police
CARBONDALE POLICE DEPT,PA,local_police
CARDINGTON POLICE DEPT,OH,local_police
CARIBOU POLICE DEPT,ME,local_police
CARLISLE COUNTY SHERIFF DEPT,KY,sheriff_dept
CARLISLE POLICE DEPT,PA,local_police
CARMEL POLICE DEPT,IN,local_police
CAROLINA MUNICIPAL POLICE DEPT,PR,local_police
CARROLL COUNTY SHERIFF DEPT,GA,sheriff_dept
CARROLL COUNTY SHERIFF DEPT,TN,sheriff_dept
CARROLL COUNTY SHERIFF DEPT,NH,sheriff_dept
CARROLL POLICE DEPT,NH,local_police
CARROLL POLICE DEPT,OH,local_police
CARROLL TOWNSHIP POLICE DEPT,PA,local_police
CARROLLTON POLICE DEPT,GA,local_police
CARROLLTON POLICE DEPT,OH,local_police
CARROLLTON POLICE DEPT,AL,local_police
CARSON CITY SHERIFF DEPT,NV,sheriff_dept
CASEY COUNTY SHERIFF DEPT,KY,sheriff_dept
CATRON COUNTY SHERIFF DEPT,NM,sheriff_dept
CAVE-IN-ROCK POLICE DEPT,IL,local_police
CECIL COUNTY SHERIFF'S OFFICE,MD,sheriff_dept
CEDAR BLUFF POLICE DEPARTMENT,VA,local_police
CEDAR BLUFF POLICE DEPT,AL,local_police
CEIBA POLICE DEPT,PR,local_police
CENTERVILLE POLICE DEPT,OH,local_police
CENTERVILLE POLICE DEPT,TN,local_police
CENTRAL MARIN POLICE AUTHORITY,CA,local_police
CENTRALIA POLICE DEPT,WA,local_police
CENTRE POLICE DEPT,AL,local_police
CERES POLICE DEPT,CA,local_police
CHAMBERS COUNTY SHERIFF DEPT,AL,sheriff_dept
CHAMBLEE POLICE DEPT,GA,local_police
CHARLES COUNTY SHERIFFS  OFFICE,MD,sheriff_dept
CHARLESTON POLICE DEPT,WV,local_police
CHARLESTOWN POLICE DEPT,IN,local_police
CHATHAM POLICE DEPT,IL,local_police
CHATTAHOOCHEE HILLS POLICE DEPT,GA,local_police
CHAVES COUNTY SHERIFF OFFICE,NM,sheriff_dept
CHELAN COUNTY SHERIFF DEPT,WA,sheriff_dept
CHEROKEE COUNTY NARCOTICS,AL,narcotics
CHEROKEE COUNTY SHERIFF DEPT,NC,sheriff_dept
CHEROKEE COUNTY SHERIFF DEPT,AL,sheriff_dept
CHEROKEE CTY SHERIFF DEPT,OK,sheriff_dept
CHESAPEAKE COUNTY SHERIFF DEPT,VA,sheriff_dept
CHESTER POLICE DEPT,PA,local_police
CHESTER POLICE DEPT,NY,local_police
CHESTER TOWNSHIP POLICE DEPT,PA,local_police
CHESTERFIELD COUNTY SHERIFF DEPT,SC,sheriff_dept
CHESTERFIELD POLICE DEPT,SC,local_police
CHESWOLD POLICE DEPT,DE,local_police
CHEYENNE COUNTY SHERIFF DEPT,KS,sheriff_dept
CHICAGO POLICE DEPARTMENT,IL,local_police
CHICKASAW NATION LIGHTHORSE POLICE,OK,native_police
CHICKASAW POLICE DEPT,AL,local_police
CHIDESTER POLICE DEPT,AR,local_police
CHIEFLAND POLICE DEPT,FL,local_police
CHILLICOTHE POLICE DEPT,OH,local_police
CHILTON COUNTY SHERIFF DEPT,AL,sheriff_dept
CHINO VALLEY POLICE DEPT,AZ,local_police
CIBOLA COUNTY SHERIFF DEPT,NM,sheriff_dept
CIMARRON POLICE DEPT,NM,local_police
CINNAMINSON TOWNSHIP POLICE DEPT,NJ,local_police
CIRCLEVILLE POLICE DEPT,OH,local_police
CISCO POLICE DEPT,TX,local_police
CITIZENS POTAWATOMI NATION PD,OK,native_police
CITRUS HEIGHTS POLICE DEPT,CA,local_police
CLACKAMAS COUNTY SHERIFF'S OFFICE,OR,sheriff_dept
CLAIBORNE COUNTY SHERIFF DEPT,TN,sheriff_dept
CLAIRTON POLICE DEPT,PA,local_police
CLANTON POLICE DEPARTMENT,AL,local_police
CLAREMONT POLICE DEPT,CA,local_police
CLARENDON COUNTY SHERIFF DEPT,SC,sheriff_dept
CLARK COUNTY SHERIFF DEPT,IN,sheriff_dept
CLARK COUNTY SHERIFF OFFICE,SD,sheriff_dept
CLAY CITY POLICE DEPT,IN,local_police
CLAY COUNTY SHERIFF DEPT,TN,sheriff_dept
CLAY COUNTY SHERIFF DEPT,NC,sheriff_dept
CLAY TWP POLICE DEPT GENOA,OH,local_police
CLAYTON COUNTY POLICE DEPARTMENT,GA,local_police
CLAYTON COUNTY SHERIFF OFFICE,GA,sheriff_dept
CLAYTON POLICE DEPT,GA,local_police
CLAYTON POLICE DEPT,DE,local_police
CLEARWATER COUNTY SHERIFF DEPT,ID,sheriff_dept
CLEBURNE COUNTY SHERIFF'S DEPT,AL,sheriff_dept
CLEVELAND METROPARKS RANGER DEPT,OH,parks
CLIFTON POLICE DEPT,AZ,local_police
CLINCHCO POLICE DEPT,VA,local_police
CLINTON COUNTY SHERIFF DEPT,IL,sheriff_dept
CLINTON POLICE DEPT,MS,local_police
CLINTON POLICE DEPT,MA,local_police
CLOVERPORT POLICE DEPT,KY,local_police
CLYDE HILL POLICE DEPT,WA,local_police
CO SCHOOL OF MINES PUBLIC SAFETY,CO,public_safety
CO STATE PATROL DENVER,CO,highway_patrol
COAL CO SHERIFF OFFICE,OK,sheriff_dept
COAL GROVE POLICE DEPT,OH,local_police
COALTON POLICE DEPT,OH,local_police
COATS POLICE DEPT,NC,local_police
COCHISE COUNTY POLICE DEPT,AZ,local_police
COCHISE COUNTY SHERIFF DEPT,AZ,sheriff_dept
COCOA POLICE DEPT,FL,local_police
COFFEE CO SHERIFF DEPT,TN,sheriff_dept
COFFEE COUNTY SHERIFF DEPT,AL,sheriff_dept
COFFEYVILLE POLICE DEPT,KS,local_police
COLDWATER POLICE DEPT,OH,local_police
COLLBRAN MARSHALS DEPT,CO,marshal
COLLIER COUNTY SHERIFF'S OFFICE,FL,sheriff_dept
COLMAR MANOR POLICE,MD,local_police
COLORADO SPRINGS POLICE DEPT,CO,local_police
COLUMBIA POLICE DEPT,SC,local_police
COLUMBIA POLICE DEPT,TN,local_police
COLUMBUS DIVISON POLICE DEPT,OH,local_police
COLUMBUS POLICE DEPARTMENT,GA,local_police
COLUMBUS POLICE DEPT,TX,local_police
COMAL COUNTY SHERIFF OFFICE,TX,sheriff_dept
COMANCHE NATION POLICE,OK,native_police
COMANCHE POLICE DEPT.,OK,local_police
CONCORD POLICE DEPARTMENT,CA,local_police
CONEMAUGH TOWNSHIP POLICE DEPT,PA,local_police
CONNEAUT POLICE DEPT,OH,local_police
CONSERVATION OFFICERS,IN,
CONTRA COSTA COUNTY SHERIFF DEPT,CA,sheriff_dept
COOK CO HOMELAND SEC & EMER MGMT,IL,dhs
COOK COUNTY SHERIFF DEPT,GA,sheriff_dept
CORDELE POLICE DEPT,GA,local_police
CORNERSVILLE POLICE DEPT,TN,local_police
COSHOCTON CTY SHERIFF DEPT,OH,sheriff_dept
COTTAGE GROVE POLICE,OR,local_police
COTTONWOOD POLICE DEPT,AL,local_police
COTTONWOOD POLICE DEPT,AZ,local_police
COTTONWOOD POLICE DEPT,ID,local_police
COVENTRY POLICE DEPT,RI,local_police
COVENTRY POLICE DEPT,CT,local_police
COVINA POLICE DEPT,CA,local_police
COVINGTON COUNTY SHERIFF DEPT,AL,sheriff_dept
COVINGTON POLICE DEPT,TN,local_police
COVINGTON TOWNSHIP POLICE DEPT,PA,local_police
CRANFORD POLICE DEPARTMENT,NJ,local_police
CRANSTON POLICE DEPT,RI,local_police
CRAWFORD COUNTY SHERIFF DEPT,IN,sheriff_dept
CRAWFORD TOWN POLICE DEPT,NY,local_police
CREOLA  POLICE DEPT,AL,local_police
CRESTED BUTTE MARSHAL'S DEPT,CO,marshal
CREVE COEUR POLICE DEPT,IL,local_police
CRIDERSVILLE POLICE DEPT,OH,local_police
CRISFIELD POLICE DEPT,MD,local_police
CT STATE POLICE AVIATION DIVISITON,CT,state_police
CUERO POLICE DEPT,TX,local_police
CULLMAN COUNTY ANIMAL CONTROL,AL,animal_control
CULLMAN COUNTY SHERIFF DEPT,AL,sheriff_dept
CULLMAN POLICE DEPT,AL,local_police
CUMBERLAND CITY POLICE DEPT,TN,local_police
CUMBERLAND COUNTY SHERIFF DEPT,PA,sheriff_dept
CUMBERLAND TOWNSHIP POLICE DEPT,PA,local_police
CUMMINGTON POLICE DEPT,MA,local_police
CURRITUCK COUNTY SHERIFF DEPT,NC,sheriff_dept
CUSTER COUNTY SHERIFF DEPT,SD,sheriff_dept
CUSTOMS AND BORDER PROTECTION,WA,cbp
CUSTOMS AND QUARANTINE AGENCY,GU,
DAGSBORO POLICE DEPT,DE,local_police
DALE COUNTY SHERIFF DEPT,AL,sheriff_dept
DALEVILLE DEPT OF PUBLIC SAFETY,AL,public_safety
DALLAS POLICE DEPT,OR,local_police
DAMASCUS POLICE DEPT,VA,local_police
DANDRIDGE POLICE DEPT,TN,local_police
DANE COUNTY  SHERIFF OFFICE,WI,sheriff_dept
DANE POLICE DEPT,WI,local_police
DARE COUNTY SHERIFF DEPT,NC,sheriff_dept
DARLINGTON COUNTY SHERIFF DEPT,SC,sheriff_dept
DAUPHIN COUNTY CID,PA,district_attorney
DAVIESS COUNTY SHERIFF DEPT,KY,sheriff_dept
DAVISBORO POLICE DEPT,GA,local_police
DAWSON POLICE DEPT,GA,local_police
DE CAPITOL POLICE DEPT,DE,local_police
DE DNR PARKS AND RECREATION,DE,parks
DE DOJ ALCOHOL AND TOBACCO DIV,DE,atf
"DE NATURAL RESOURCES POLICE, ECU",DE,
DE STATE POLICE,DE,state_police
"DEA, CHARLESTON OFFICE, TDS",WV,dea
DECATUR COUNTY SHERIFF DEPT,TN,sheriff_dept
DECATUR COUNTY SHERIFF DEPT,GA,sheriff_dept
DECATURVILLE POLICE DEPT,TN,local_police
DEFIANCE CTY SHERIFF DEPT,OH,sheriff_dept
DEFUNIAK SPRINGS POLICE DEPT,FL,local_police
DEKALB COUNTY MARSHALS OFFICE,GA,marshal
DELANO POLICE DEPT,CA,local_police
DELAVAN POLICE DEPT,IL,local_police
DELAVAN POLICE DEPT,WI,local_police
DELAWARE POLICE DEPT,OH,local_police
DELMAR POLICE DEPT,DE,local_police
DENMARK POLICE DEPT,WI,local_police
DENTON CONSTABLE PRECINCT 2,TX,local_police
DENTON POLICE DEPT,MD,local_police
DENVER COUNTY SHERIFF DEPT,CO,sheriff_dept
DEPARTMENT OF JUSTICE,GA,doj
DEPUE POLICE DEPARTMENT,IL,local_police
DERRY TOWNSHIP POLICE DEPT,PA,local_police
DESCHUTES CTY SHERIFF,OR,sheriff_dept
DEWEY BEACH POLICE DEPT,DE,local_police
DEWEY COUNTY SHERIFF OFFICE,SD,sheriff_dept
DEWITT COUNTY SHERIFF DEPT,IL,sheriff_dept
DHS ICE HSI,SC,ice
DHS USCBP USBP PORTAL STATION,ND,
DHS-HOMELAND SEC INV,AL,dhs
DICKENSON COUNTY SHERIFF DEPT,VA,sheriff_dept
DICKSON POLICE DEPT,TN,local_police
DIGHTON POLICE DEPT,MA,local_police
DILLARD POLICE DEPT,GA,local_police
DILLON COUNTY SHERIFF DEPT,SC,sheriff_dept
DILLON POLICE DEPT,SC,local_police
DIVIDE COUNTY SHERIFF DEPT,ND,sheriff_dept
DIXFIELD POLICE DEPT,ME,local_police
DODGE COUNTY SHERIFF DEPT,WI,sheriff_dept
DODGE COUNTY SHERIFF DEPT,GA,sheriff_dept
DOOLY COUNTY SCHOOLS POLICE DEPT,GA,local_police
DOOR COUNTY SHERIFF DEPT,WI,sheriff_dept
DORA POLICE DEPT,AL,local_police
DORAVILLE POLICE DEPT,GA,local_police
DOTHAN POLICE DEPT,AL,local_police
DOUGLAS COUNTY SHERIFF DEPT,GA,sheriff_dept
DOUGLAS COUNTY SHERIFF DEPT,NV,sheriff_dept
DOUGLAS COUNTY SHERIFF DEPT,CO,sheriff_dept
DOUGLAS POLICE DEPT,GA,local_police
DUBLIN POLICE DEPT,GA,local_police
DUCK POLICE DEPT,NC,local_police
DUNCAN POLICE DEPT,OK,local_police
DUNCANVILLE POLICE DEPT,TX,local_police
DUNN COUNTY SHERIFF DEPT,WI,sheriff_dept
DUNWOODY POLICE DEPARTMENT,GA,local_police
DYER COUNTY SHERIFF DEPT,TN,sheriff_dept
EAGLE POLICE DEPT,CO,local_police
EAGLEVILLE POLICE DEPT,TN,local_police
EAST ALTON POLICE DEPT,IL,local_police
EAST BATON ROUGE PARISH SHERIFF,LA,sheriff_dept
EAST DUBUQUE POLICE DEPT,IL,local_police
EAST FALLOWFIELD TOWNSHIP POLICE,PA,local_police
EAST GALESBURG POLICE DEPT,IL,local_police
EAST GREENWICH POLICE DEPT,RI,local_police
EAST HAMPTON POLICE DEPT,CT,local_police
EAST KINGSTON POLICE DEPT,NH,local_police
EAST MOUNTAIN POLICE DEPT,TX,local_police
EAST PALO ALTO POLICE DEPT,CA,local_police
EAST PENNSBORO TOWNSHIP POLICE,PA,local_police
EAST PEORIA POLICE DEPT,IL,local_police
EAST PROVIDENCE POLICE DEPT,RI,local_police
EASTLAND POLICE DEPT,TX,local_police
EASTON POLICE,MA,local_police
EATONTOWN POLICE DEPT,NJ,local_police
EAU CLAIRE COUNTY SHERIFF DEPT,WI,sheriff_dept
ECTOR COUNTY ENV ENFORCEMENT,TX,
EDCOUCH POLICE DEPT,TX,local_police
EDGERTON POLICE DEPT,OH,local_police
EDGEWOOD POLICE DEPT,TX,local_police
EDINBURG SCHOOL DISTRICT POLICE,TX,school_district_police
EDMONSON COUNTY SHERIFF DEPT,KY,sheriff_dept
EDWARDSVILLE POLICE DEPT,IL,local_police
EL CAMINO COLLEGE POLICE DEPT,CA,local_police
EL MONTE POLICE DEPT,CA,local_police
EL PASO COUNTY SHERIFF DEPT,TX,sheriff_dept
ELBERT COUNTY SHERIFF DEPT,CO,sheriff_dept
ELBERT COUNTY SHERIFF OFFICE,GA,sheriff_dept
ELBERTA POLICE DEPT,AL,local_police
ELGIN POLICE DEPT,TX,local_police
ELGIN POLICE DEPT,IL,local_police
ELIDA POLICE DEPT,NM,local_police
ELIDA POLICE DEPT,OH,local_police
ELIZABETH CITY POLICE DEPT,NC,local_police
ELIZABETH FIRE PROTECT DIST,CO,fire
ELIZABETH POLICE DEPT,CO,local_police
ELIZABETH POLICE DEPT,IL,local_police
ELKO POLICE DEPT,NV,local_police
ELKTON POLICE DEPT,VA,local_police
ELLIJAY POLICE DEPT,GA,local_police
ELLSWORTH POLICE DEPT,WI,local_police
ELMWOOD PLACE POLICE DEPT,OH,local_police
ELSA POLICE DEPT,TX,local_police
EMANUEL COUNTY SHERIFF DEPT,GA,sheriff_dept
EMMET COUNTY SHERIFF DEPT,IA,sheriff_dept
ENCINAL POLICE DEPT,TX,local_police
ENDICOTT POLICE DEPT,NY,local_police
ENGLAND POLICE DEPT,AR,local_police
ENGLEWOOD POLICE DEPT,CO,local_police
ERIN POLICE DEPARTMENT,TN,local_police
ESCONDIDO POLICE DEPT,CA,local_police
ESPANOLA POLICE DEPT,NM,local_police
ESSEX COUNTY SHERIFF DEPT,NY,sheriff_dept
ESSEX COUNTY SHERIFF DEPT,NJ,sheriff_dept
ESTILL COUNTY SHERIFF'S DEPT,KY,sheriff_dept
ETHRIDGE POLICE DEPT,TN,local_police
ETOWAH COUNTY SHERIFF DEPT,AL,sheriff_dept
EUDORA POLICE DEPARTMENT,KS,local_police
EUGENE POLICE DEPT,OR,local_police
EUSTACE POLICE DEPT,TX,local_police
EUSTIS POLICE DEPT,FL,local_police
EVANSVILLE POLICE DEPT,IN,local_police
EVARTS POLICE DEPT,KY,local_police
EXETER POLICE DEPT,CA,local_police
FAIRFAX POLICE DEPT,CA,local_police
FAIRFIELD CTY SHERIFF DEPT,OH,sheriff_dept
FAIRFIELD MED CTR POLICE DEPT,OH,
FAIRFIELD POLICE DEPT,AL,local_police
FAIRHOPE POLICE DEPT,AL,local_police
FAIRMONT POLICE DEPT,WV,local_police
FAIRMOUNT POLICE DEPT,GA,local_police
FAIRPLAY POLICE DEPT,CO,local_police
FALLON POLICE DEPT,NV,local_police
FALMOUTH POLICE DEPARTMENT,KY,local_police
FANNIN COUNTY SHERIFF DEPT,GA,sheriff_dept
FARMINGTON  POLICE DEPT,NM,local_police
FARMVILLE POLICE DEPT,NC,local_police
FAULKNER COUNTY SHERIFFS OFFICE,AR,sheriff_dept
FAYETTE COUNTY SHERIFF OFFICE,GA,sheriff_dept
FBI JACKSON DIV GULFPORT RES AGENCY,MS,fbi
FBI LAS VEGAS,NV,fbi
FBI SAN DIEGO,CA,fbi
FBI SAN FRANCISCO,CA,fbi
FEDERAL BUREAU OF INVESTIGATION,NJ,fbi
FEDERAL BUREAU OF INVESTIGATION,WA,fbi
FEDERAL BUREAU OF PRISONS,FL,prison
FENTRESS COUNTY SHERIFF DEPT,TN,sheriff_dept
FERNDALE POLICE DEPT,WA,local_police
FL HIGHWAY PATROL,FL,highway_patrol
FLAGLER COUNTY SHERIFF DEPT,FL,sheriff_dept
FLAGSTAFF POLICE DEPT,AZ,local_police
FLORA POLICE DEPARTMENT,IL,local_police
FLORENCE COUNTY SHERIFF DEPT,SC,sheriff_dept
FLORENCE POLICE DEPT,CO,local_police
FLORENCE POLICE DEPT,AL,local_police
FLORENCE POLICE DEPT,SC,local_police
FLORIDA INTERNATIONAL UNIVERSITY PD,FL,university_police
FLOYD COUNTY SHERIFF DEPT,TX,sheriff_dept
FOLEY POLICE DEPT,AL,local_police
FOLLY BEACH PUBLIC SAFETY,SC,public_safety
FONTANA POLICE DEPT,WI,local_police
FOREST COUNTY SHERIFF OFFICE,PA,sheriff_dept
FORSYTH COUNTY SHERIFF DEPT,GA,sheriff_dept
FORT FAIRFIELD POLICE DEPT,ME,local_police
FORT JENNINGS POLICE DEPT,OH,local_police
FORT LEE POLICE DEPT,NJ,local_police
FORT LUPTON POLICE DEPT,CO,local_police
FORT STOCKTON POLICE DEPT,TX,local_police
FORT VALLEY STATE UNIV POLICE,GA,university_police
FOSTER POLICE DEPT,RI,local_police
FOSTORIA POLICE DEPT,OH,local_police
FOWLER POLICE DEPT,CO,local_police
FRANKFORD POLICE DEPT,DE,local_police
FRANKFORT POLICE DEPT,IN,local_police
FRANKLIN COUNTY SHERIFF DEPT,NY,sheriff_dept
FRANKLIN COUNTY SHERIFF DEPT,GA,sheriff_dept
FRANKLIN COUNTY SHERIFF DEPT,ID,sheriff_dept
FRANKLIN COUNTY SHERIFF DEPT,TN,sheriff_dept
FRANKLIN COUNTY SHERIFF DEPT,ME,sheriff_dept
FRANKLIN COUNTY SHERIFF DEPT,AR,sheriff_dept
FRANKLIN COUNTY SHERIFF OFFICE,KY,sheriff_dept
FRANKLIN COUNTY SHERIFFS OFFICE,WA,sheriff_dept
FRANKLIN CTY SHERIFF DEPT,OH,sheriff_dept
FRANKLIN PARISH SHERIFF,LA,sheriff_dept
FRANKLIN POLICE DEPT,KY,local_police
FRANKLIN POLICE DEPT,NH,local_police
FRANKLIN POLICE DEPT,VA,local_police
FRANKLIN SPRINGS POLICE DEPT,GA,local_police
FREDERICK CO FIRE MARSHAL'S OFFICE,VA,fire
FREDERICK COUNTY SHERIFF DEPT,VA,sheriff_dept
FREESTONE COUNTY SHERIFF DEPT,TX,sheriff_dept
FREMONT COUNTY SHERIFF DEPT,ID,sheriff_dept
FRESNO COUNTY SHERIFF DEPT,CA,sheriff_dept
FULTON COUNTY SCHOOLS POLICE DEPT,GA,local_police
FULTON COUNTY SHERIFF DEPT,KY,sheriff_dept
FULTON COUNTY SHERIFF OFFICE,IL,sheriff_dept
FULTONDALE POLICE DEPT,AL,local_police
GA DEPT OF PUBLIC SAFETY,GA,public_safety
GA DNR SOCIAL CIRCLE,GA,
GAINESVILLE POLICE DEPT,FL,local_police
GAINSBORO POLICE DEPT,TN,local_police
GALENA POLICE DEPT,IL,local_police
GALLATIN POLICE DEPT,TN,local_police
GALLIA CTY SHERIFF DEPT,OH,sheriff_dept
GALLOWAY TOWNSHIP POLICE DEPT,NJ,local_police
GALVESTON POLICE DEPT,TX,local_police
GARDENA POLICE DEPT,CA,local_police
GARDENDALE POLICE DEPT,AL,local_police
GASTONIA CITY POLICE DEPT,NC,local_police
GEAUGA COUNTY  SHERIFF'S OFFICE,OH,sheriff_dept
GENEVA ON THE LAKE POLICE DEPT,OH,local_police
GENEVA POLICE DEPT,IN,local_police
GENOA TWP POLICE DEPT,OH,local_police
GEORGETOWN POLICE DEPT,DE,local_police
GEORGETOWN POLICE DEPT,SC,local_police
GEORGETOWN POLICE DEPT,TX,local_police
GEORGETOWN POLICE DEPT,KY,local_police
GEORGIA DEPARTMENT OF REVENUE,GA,department_of_revenue
GERALDINE POLICE DEPT,AL,local_police
GILA COUNTY SHERIFF'S OFFICE,AZ,sheriff_dept
GILA RIVER POLICE DEPT,AZ,local_police
GILBERT POLICE DEPT,AZ,local_police
GILFORD POLICE DEPT,NH,local_police
GILLETTE POLICE DEPT,WY,local_police
GILMER COUNTY FIRE RESCUE,GA,fire
GILMER COUNTY SHERIFF DEPT,GA,sheriff_dept
GLADE SPRING POLICE DEPT,VA,local_police
GLASGOW POLICE DEPT,MT,local_police
GLASGOW POLICE DEPT,KY,local_police
GLEN CANYON,AZ,
GLENCOE POLICE DEPT,IL,local_police
GLENCOE POLICE DEPT,AL,local_police
GLENDALE POLICE DEPT,CA,local_police
GLENDALE POLICE DEPT,AZ,local_police
GLOCESTER POLICE DEPT,RI,local_police
GLOUCESTER POLICE DEPT,MA,local_police
GNADENHUTTEN POLICE DEPT,OH,local_police
GORDO POLICE DEPT,AL,local_police
GORDON COUNTY SHERIFF DEPT,GA,sheriff_dept
GOREVILLE POLICE DEPT,IL,local_police
GRADY COUNTY SHERIFF DEPT,GA,sheriff_dept
GRADY CTY SHERIFF DEPT,OK,sheriff_dept
GRAFTON POLICE DEPT,ND,local_police
GRAINGER COUNTY SHERIFF DEPT,TN,sheriff_dept
GRAND ISLAND POLICE DEPT,NE,local_police
GRAND PRAIRIE POLICE DEPT,TX,local_police
GRAND VALLEY FIRE PROTECTION DIST,CO,fire
GRANDVIEW POLICE DEPARTMENT,TX,local_police
GRANDVIEW POLICE DEPT,WA,local_police
GRANGEVILLE POLICE DEPARTMENT,ID,local_police
GRANITE CITY POLICE DEPT,IL,local_police
GRANT COUNTY SHERIFF DEPT,ND,sheriff_dept
GRANTFORK POLICE DEPT,IL,local_police
GRANTVILLE POLICE DEPT,GA,local_police
GREAT FALLS INTL AIRPORT PD,MT,airport_police
GREAT LAKES INDIAN FISH & WILDLIFE,WI,fish_and_wildlife
GREATER HARDIN COUNTY NTF,KY,
GREELEY POLICE DEPT,CO,local_police
GREEN BAY POLICE DEPT,WI,local_police
GREEN COUNTY SHERIFF DEPT,KY,sheriff_dept
GREEN SPRINGS POLICE DEPT,OH,local_police
GREENBURGH TOWN POLICE DEPT,NY,local_police
GREENE COUNTY SHERIFF DEPT,TN,sheriff_dept
GREENE COUNTY SHERIFF DEPT,IN,sheriff_dept
GREENLEE COUNTY SHERIFF DEPT,AZ,sheriff_dept
GREENVIEW POLICE DEPT,IL,local_police
GREENVILE POLICE DEPT,KY,local_police
GREENVILLE COUNTY SHERIFF DEPT,SC,sheriff_dept
GREENVILLE POLICE DEPT,TX,local_police
GREENVILLE POLICE DEPT,AL,local_police
GREENWOOD LAKE POLICE DEPT,NY,local_police
GREENWOOD POLICE DEPT,DE,local_police
GREENWOOD VILLAGE POLICE DEPT,CO,local_police
GROTTOES POLICE DEPT,VA,local_police
GRUNDY POLICE DEPT,VA,local_police
GUAM DEPARTMENT OF CORRECTIONS,GU,prison
GUAM DEPT OF REVENUE AND TAX,GU,department_of_revenue
GUAM FIRE DEPT,GU,fire
GUAM POLICE DEPARTMENT,GU,local_police
GUAYNABO CITY POLICE,PR,local_police
GUILFORD POLICE DEPT,CT,local_police
GULF BREEZE POLICE DEPT,FL,local_police
GUN BARREL CITY POLICE DEPT,TX,local_police
GUNTERSVILLE POLICE DEPT,AL,local_police
GURDON POLICE DEPT,AR,local_police
GUY POLICE DEPT,AR,local_police
GWINNETT COUNTY SHERIFF OFFICE,GA,sheriff_dept
HAHIRA POLICE DEPT,GA,local_police
HALE COUNTY SHERIFF DEPT,TX,sheriff_dept
HALL COUNTY SHERIFF DEPT,TX,sheriff_dept
HALLSVILLE POLICE DEPT,TX,local_police
HAMBURG TOWN POLICE DEPT,NY,local_police
HAMPSTEAD POLICE DEPARTMENT,MD,local_police
HAMPTON POLICE DEPT,VA,local_police
HANCEVILLE POLICE DEPT,AL,local_police
HANCOCK CTY SHERIFF DEPT,OH,sheriff_dept
HARBOR BELT RAILROAD POLICE DEPART,IN,railroad_police
HARDIN COUNTY SHERIFF OFFICE,IL,sheriff_dept
HARDIN COUNTY SHERIFF'S OFFICE,OH,sheriff_dept
HARDINSBURG POLICE DEPT,KY,local_police
HARFORD COUNTY SHERIFF'S OFFICE,MD,sheriff_dept
HARLEM DEPT OF PUBLIC SAFETY,GA,public_safety
HARNETT COUNTY SHERIFF DEPT,NC,sheriff_dept
HARRIMAN POLICE DEPT,TN,local_police
HARRINGTON POLICE DEPT,DE,local_police
HARRIS COUNTY PCT 1 CONSTABLE,TX,local_police
HARRIS COUNTY SHERIFF DEPT,GA,sheriff_dept
HARRIS COUNTY SHERRIF DEPT,TX,sheriff_dept
HARRISBURG  BUREAU POLICE DEPT,PA,local_police
HARRISBURG POLICE DEPT,IL,local_police
HARRISON POLICE DEPT,NY,local_police
HARRISON TOWNSHIP POLICE DEPT,NJ,local_police
HARRISONBURG POLICE DEPT,VA,local_police
HART COUNTY SHERIFF DEPT,GA,sheriff_dept
HARTFORD POLICE DEPT,VT,local_police
HARTSVILLE POLICE DEPT,SC,local_police
HAWESVILLE POLICE DEPT,KY,local_police
HAWKINS COUNTY SHERIFF DEPT,TN,sheriff_dept
HAWTHORNE POLICE DEPT,CA,local_police
HAYS COUNTY CONSTABLE PCT 4,TX,local_police
HAYS COUNTY SHERIFF OFFICE,TX,sheriff_dept
HAYSI POLICE DEPT,VA,local_police
HAZARD POLICE DEPT,KY,local_police
HAZLET TOWNSHIP POLICE DEPT,NJ,local_police
HEBRON POLICE DEPT,IN,local_police
HEFLIN POLICE DEPT,AL,local_police
HELENA POLICE DEPT,AL,local_police
HENDERSON COUNTY SHERIFF DEPT,KY,sheriff_dept
HENDERSONVILLE POLICE DEPT,TN,local_police
HENDRY COUNTY SHERIFF OFFICE,FL,sheriff_dept
HENRY COUNTY SHERIFF DEPT,AL,sheriff_dept
HENRY COUNTY SHERIFF DEPT,TN,sheriff_dept
HENRY COUNTY SHERIFF DEPT,IN,sheriff_dept
HENRY COUNTY SHERIFF DEPT,VA,sheriff_dept
HENRY POLICE DEPT,TN,local_police
HEPHZIBAH POLICE DEPT,GA,local_police
HERKIMER POLICE DEPT,NY,local_police
HERNANDO COUNTY SHERIFF OFFICE,FL,sheriff_dept
HIDALGO COUNTY CONSTABLE PRECINCT 1,TX,local_police
HIDALGO COUNTY SHERIFF OFFICE,TX,sheriff_dept
HIGGINSON POLICE DEPARTMENT,AR,local_police
HIGH DESERT STATE PRISON,CA,prison
HIGHLAND LAKE POLICE DEPT,AL,local_police
HIGHSPIRE BOROUGH POLICE DEPT,PA,local_police
HILLSBORO POLICE DEPT,TX,local_police
HILLSBORO POLICE DEPT,WI,local_police
HOCKING COLLEGE POLICE DEPT,OH,local_police
HOCKING CTY SHERIFF DEPT,OH,sheriff_dept
HOKES BLUFF POLICE DEPT,AL,local_police
HOLBROOK POLICE DEPT,AZ,local_police
HOLMES COUNTY SHERIFF DEPT,FL,sheriff_dept
HOMELAND SEC INVESTIGATIONS,TN,dhs
HOMELAND SECURITY & EMER MGMT HSEMA,DC,dhs
HOMELAND SECURITY INVESTIGATIONS,VA,dhs
HOMERVILLE POLICE DEPT,GA,local_police
HOMEWOOD POLICE DEPT,AL,local_police
HONDO POLICE DEPT,TX,local_police
HONEY GROVE POLICE DEPT,TX,local_police
HOOD COUNTY SHERIFF DEPT,TX,sheriff_dept
HOOVER POLICE DEPT,AL,local_police
HOPE MILLS POLICE DEPT,NC,local_police
HOPKINSVILLE POLICE DEPT,KY,local_police
HOPKINTON POLICE DEPT,RI,local_police
HOPLAND TRIBAL POLICE DEPT,CA,local_police
HORRY COUNTY POLICE DEPT,SC,local_police
HOUSTON COUNTY SHERIFF DEPT,GA,sheriff_dept
HOUSTON COUNTY SHERIFF OFFICE,TN,sheriff_dept
HOUSTON POLICE DEPT,TX,local_police
HUACHUCA CITY POLICE DEPT,AZ,local_police
HUBBARD POLICE DEPT,OH,local_police
HUDSON POLICE DEPT,IN,local_police
HUERFANO COUNTY SHERIFF DEPT,CO,sheriff_dept
HUEYTOWN POLICE DEPT,AL,local_police
HUMACAO POLICE DEPT,PR,local_police
HUMBOLDT POLICE DEPT,TN,local_police
HUMPHREYS COUNTY SHERIFF DEPT,TN,sheriff_dept
HUNTINGDON POLICE DEPARTMENT,TN,local_police
HUNTINGTON COUNTY SHERIFF DEPT,IN,sheriff_dept
HURON CTY SHERIFF DEPT,OH,sheriff_dept
HUTTO POLICE DEPARTMENT,TX,local_police
HYATTSVILLE POLICE DEPT,MD,local_police
IDAHO COUNTY SHERIFF DEPT,ID,sheriff_dept
IL DEPT OF CENTRAL MANAGEMENT,IL,
IL MULTI-COUNTY NARCOTIC GROUP,IL,
IMMIGRATION AND CUSTOMS ENFORCEMENT,CO,ice
IN DEPT OF CORRECTIONS,IN,prison
IN STATE POLICE,IN,state_police
INA POLICE DEPT,IL,local_police
INDEPENDENCE POLICE DEPT,OR,local_police
INDEPENDENCE POLICE DEPT,WI,local_police
INDIAN RIVER COUNTY SHERIFF DEPT,FL,sheriff_dept
INDIANAPOLIS METRO POLICE DEPT,IN,local_police
INEZ CITY POLICE,KY,local_police
IPSWICH POLICE DEPT,MA,local_police
IRONDALE POLICE DEPT,AL,local_police
IRVINE VALLEY COLLEGE POLICE DEPT,CA,local_police
ISABELA POLICE DEPT,PR,local_police
ISLETA PUEBLO TRIBAL POLICE DEPT,NM,local_police
ISLETA TRIBAL POLICE DEPT,NM,local_police
ISSAQUAH POLICE DEPT,WA,local_police
JACKSON  POLICE DEPARTMENT,KY,local_police
JACKSON COUNTY SHERIFF DEPT,TN,sheriff_dept
JACKSON COUNTY SHERIFF DEPT,WI,sheriff_dept
JACKSON COUNTY SHERIFF'S DEPARTMENT,AR,sheriff_dept
JACKSON POLICE DEPT,AL,local_police
JACKSON TWP POLICE DEPT,NJ,local_police
JACKSONVILLE HIGHWAY PATROL,AL,highway_patrol
JAMAICA BEACH POLICE DEPT,TX,local_police
JAMESTOWN POLICE DEPT,TN,local_police
JASPER COUNTY SHERIFF DEPT,TX,sheriff_dept
JASPER COUNTY SHERIFF DEPT,IA,sheriff_dept
JASPER COUNTY SHERIFF DEPT,GA,sheriff_dept
JASPER POLICE DEPT,AL,local_police
JAY COUNTY SHERIFF OFFICE,IN,sheriff_dept
JEFFERSON CO SHERIFF (CENTER POINT),AL,sheriff_dept
JEFFERSON COUNTY SHERIFF (BESSEMER),AL,sheriff_dept
JEFFERSON COUNTY SHERIFF DEPT,WI,sheriff_dept
JEFFERSON COUNTY SHERIFF DEPT,AL,sheriff_dept
JEFFERSON COUNTY SHERIFF DEPT,FL,sheriff_dept
JEFFERSON COUNTY SHERIFF DEPT,TX,sheriff_dept
JEFFERSON COUNTY SHERIFF OFFICE,KY,sheriff_dept
JEFFERSON COUNTY SHERIFF'S DEPT,WV,sheriff_dept
JEFFERSONTOWN POLICE DEPT,KY,local_police
JEFFERSONVILLE POLICE DEPARTMENT,IN,local_police
JO DAVIESS COUNTY SHERIFF DEPT,IL,sheriff_dept
JOHNNY APPLESEED METRO PARK,OH,parks
JOHNSBURG POLICE DEPT,IL,local_police
JOHNSON CITY POLICE DEPT,TX,local_police
JOHNSON CITY POLICE DEPT,TN,local_police
JOHNSON COUNTY CONSTABLE PCT 4,TX,local_police
JOHNSON COUNTY SHERIFF DEPT,TX,sheriff_dept
JOHNSTON POLICE DEPT,RI,local_police
JOHNSTOWN POLICE DEPT,CO,local_police
JOLIET POLICE DEPT,IL,local_police
JONES COUNTY SHERIFF DEPT,NC,sheriff_dept
JONES COUNTY SHERIFF DEPT,GA,sheriff_dept
JONESBORO POLICE DEPARTMENT,GA,local_police
JONESBOROUGH POLICE DEPT,TN,local_police
JUNCOS POLICE DEPT,PR,local_police
JUNCTION CITY POLICE DEPT,KY,local_police
JUNCTION CITY POLICE DEPT,KS,local_police
JUNCTION CITY POLICE DEPT,OR,local_police
JUNEAU COUNTY SHERIFF DEPT,WI,sheriff_dept
KANAWHA COUNTY PARKS POLICE,WV,parks
KANE COUNTY SHERIFF'S OFFICE,IL,sheriff_dept
KANKAKEE COUNTY SHERIFF DEPT,IL,sheriff_dept
KARNAK POLICE DEPT,IL,local_police
KEANSBURG POLICE DEPT,NJ,local_police
KENDALL COUNTY SHERIFF DEPT,IL,sheriff_dept
KENNEBEC COUNTY SHERIFF DEPT,ME,sheriff_dept
KENOSHA COUNTY SHERIFF DEPT,WI,sheriff_dept
KENT POLICE DEPT,WA,local_police
KENTON COUNTY  DETENTION CENTER,KY,prison
KENTON COUNTY SHERIFF'S OFFICE,KY,sheriff_dept
KERENS POLICE DEPARTMENT,TX,local_police
KERN COUNTY SHERIFF DEPT,CA,sheriff_dept
KERN HIGH SCHOOL DIST POLICE,CA,school_police
KERSEY POLICE DEPT,CO,local_police
KERSHAW COUNTY SHERIFF'S OFFICE,SC,sheriff_dept
KICKAPOO TRIBAL POLICE DEPT,KS,local_police
KIMBALL COUNTY SHERIFF DEPT,NE,sheriff_dept
KINCAID POLICE DEPT,IL,local_police
KING COUNTY SHERIFF'S OFFICE,WA,sheriff_dept
KINGMAN POLICE DEPT,AZ,local_police
KINGSTON POLICE DEPT,NH,local_police
KINGSTON POLICE DEPT,TN,local_police
KIOWA COUNTY SHERIFF'S OFFICE,CO,sheriff_dept
KIRKLIN POLICE DEPT,IN,local_police
KIT CARSON COUNTY SHERIFF,CO,sheriff_dept
KITTITAS COUNTY SHERIFF DEPT,WA,sheriff_dept
KITTY HAWK POLICE DEPT,NC,local_police
KLAMATH COUNTY SHERIFF'S OFFICE,OR,sheriff_dept
KLAMATH FALLS POLICE DEPT,OR,local_police
KNOX COUNTY SHERIFF DEPT,IL,sheriff_dept
KNOX COUNTY SHERIFF DEPT.,TN,sheriff_dept
KNOX CTY SHERIFF DEPT,OH,sheriff_dept
KNOX POLICE DEPT,IN,local_police
KNOXVILLE POLICE DEPT,TN,local_police
KOSCIUSKO COUNTY SHERIFF OFFICE,IN,sheriff_dept
KOUNTZE POLICE DEPT,TX,local_police
KY STATE POLICE,KY,state_police
KYLE POLICE DEPT,TX,local_police
LA JOYA ISD POLICE DEPT,TX,school_police
LA PLATA COUNTY SHERIFF DEPT,CO,sheriff_dept
LA PLATA POLICE DEPT,MD,local_police
LA PORTE POLICE DEPT,TX,local_police
LAC DU FLAMBEAU POLICE DEPT,WI,local_police
LAFAYETTE PARISH SHERIFF DEPT,LA,sheriff_dept
LAFAYETTE POLICE DEPT,CO,local_police
LAGRANGE COUNTY SHERIFF DEPT,IN,sheriff_dept
LAGRANGE POLICE DEPT,KY,local_police
LAJAS POLICE DEPT,PR,local_police
LAKE COUNTY SHERIFF DEPT,FL,sheriff_dept
LAKE STATION POLICE DEPT,IN,local_police
LAKE VILLA POLICE DEPT,IL,local_police
LAKEHURST POLICE DEPT,NJ,local_police
LAKELAND POLICE DEPT,FL,local_police
LAKEVILLE POLICE DEPARTMENT,IN,local_police
LAKEWOOD POLICE DEPT,WA,local_police
LAKEWOOD POLICE DEPT,NJ,local_police
LAKEWOOD POLICE DEPT,CO,local_police
LAMAR POLICE DEPT,CO,local_police
LANARK POLICE DEPT,IL,local_police
LANCASTER COUNTY SHERIFF DEPT,SC,sheriff_dept
LANCASTER POLICE DEPT,OH,local_police
LANCASTER POLICE DEPT,NH,local_police
LANDER POLICE DEPT,WY,local_police
LANE CTY SHERIFF DEPT,OR,sheriff_dept
LARES POLICE DEPT,PR,local_police
LARGO POLICE DEPT,FL,local_police
LARIMER COUNTY SHERIFF DEPT,CO,sheriff_dept
LARNED STATE HOSPITAL SAFETY DEPT,KS,hospital_police
LAS PIEDRAS MUNICIPAL POLICE,PR,local_police
LAS VEGAS METRO POLICE DEPT NORTH,NV,local_police
LAS VEGAS POLICE DEPT,NM,local_police
LASALLE COUNTY SHERIFF DEPT,IL,sheriff_dept
LASSEN COUNTY SHERIFF DEPT,CA,sheriff_dept
LATTA POLICE DEPT,SC,local_police
LAUREL COUNTY SHERIFF'S OFFICE,KY,sheriff_dept
LAUREL POLICE DEPT,DE,local_police
LAURENS POLICE DEPT,SC,local_police
LAVERGNE POLICE DEPT,TN,local_police
LAVONIA POLICE DEPT,GA,local_police
LAW ENF FIRE MARSHALL ACADEMY,VA,fire
LAWRENCE COUNTY SHERIFF DEPT,AR,sheriff_dept
LAWTON POLICE DEPT,OK,local_police
LEA COUNTY SHERIFF DEPT,NM,sheriff_dept
LEANDER POLICE DEPARTMENT,TX,local_police
LEBANON PUBLIC SAFETY,TN,public_safety
LEE COUNTY MARSHAL'S OFFICE,GA,marshal
LEE COUNTY SHERIFF DEPT,GA,sheriff_dept
LEEDS POLICE DEPT,AL,local_police
LEESBURG POLICE DEPT,AL,local_police
LEESBURG POLICE DEPT,GA,local_police
LEESVILLE POLICE DEPT,LA,local_police
LEHIGH COUNTY DTF,PA,narcotics
LESLIE POLICE DEPT,GA,local_police
LETCHER COUNTY POLICE DEPT,KY,local_police
LEWES POLICE DEPT,DE,local_police
LEWIS COUNTY SHERIFF DEPT,WA,sheriff_dept
LEWIS COUNTY SHERIFF DEPT,TN,sheriff_dept
LEWISBORO POLICE DEPT,NY,local_police
LEWISBURG POLICE DEPT,TN,local_police
LEWISVILLE POLICE DEPT,TX,local_police
LEXINGTON COUNTY SHERIFF DEPT,SC,sheriff_dept
LEXINGTON POLICE DEPT,SC,local_police
LEYDEN POLICE DEPT,MA,local_police
LIBERTY POLICE DEPT,KY,local_police
LICKING CTY SHERIFF DEPT,OH,sheriff_dept
LIMA POLICE DEPT,OH,local_police
LIMESTONE POLICE DEPT,ME,local_police
LINCOLN COUNTY SHERIFF DEPT,KY,sheriff_dept
LINCOLN COUNTY SHERIFF DEPT,WA,sheriff_dept
LINCOLN COUNTY SHERIFF DEPT,GA,sheriff_dept
LINCOLN COUNTY SHERIFF DEPT,AR,sheriff_dept
LINCOLN COUNTY SHERIFF'S OFFICE,WY,sheriff_dept
LINCOLN HEIGHTS POLICE DEPT,OH,local_police
LINDEN POLICE DEPT,TX,local_police
LINDEN-KILDARE CISD POLICE DEPT,TX,local_police
LINN COUNTY SHERIFF DEPT,IA,sheriff_dept
LITTLE FERRY POLICE DEPT,NJ,local_police
LITTLE ROCK POLICE DEPT,AR,local_police
LITTLE SILVER POLICE DEPT,NJ,local_police
LIVERMORE POLICE DEPT.,CA,local_police
LIVINGSTON PARISH HOMELAND SECURITY,LA,dhs
LIVINGSTON PARISH SHERIFF DEPT,LA,sheriff_dept
LIVINGSTON POLICE DEPT,TN,local_police
LLOYD HARBOR POLICE DEPT,NY,local_police
LOAMI POLICE DEPT,IL,local_police
LODI POLICE DEPT,CA,local_police
LONG BEACH FIRE DEPARTMENT,CA,fire
LONG BEACH POLICE DEPT,NY,local_police
LONG BRANCH POLICE DEPT,NJ,local_police
LONG COUNTY SHERIFF DEPT,GA,sheriff_dept
LONGMONT POLICE DEPT,CO,local_police
LONGVIEW POLICE DEPT,TX,local_police
LONOKE COUNTY SHERIFF DEPT,AR,sheriff_dept
LORAIN CTY  METRO PARKS,OH,parks
LORAIN CTY SHERIFF DEPT,OH,sheriff_dept
LOS ANGELES COUNTY SHERIFF DEPT,CA,sheriff_dept
LOS ANGELES DA,CA,district_attorney
LOS ANGELES POLICE DEPARTMENT,CA,local_police
LOS ANGELES WORLD AIRPORT POLICE,CA,airport_police
LOS FRESNOS POLICE DEPT,TX,local_police
LOS LUNAS POLICE DEPT,NM,local_police
LOSTANT POLICE DEPT,IL,local_police
LOUDON COUNTY SHERIFF DEPT,TN,sheriff_dept
LOUDOUN COUNTY SHERIFF DEPT,VA,sheriff_dept
LOUISVILLE METRO POLICE DEPT,KY,local_police
LOWER ALLEN TOWNSHIP POLICE DEPT,PA,local_police
LOWER MILFORD TOWNSHIP POLICE,PA,local_police
LOWER WINDSOR TOWNSHIP POLICE DEPT,PA,local_police
LOWNDES COUNTY SHERIFF DEPT,GA,sheriff_dept
LUDLOW POLICE DEPT,KY,local_police
LUMPKIN COUNTY SHERIFF DEPT,GA,sheriff_dept
LUNENBURG COUNTY SHERIFF DEPT,VA,sheriff_dept
LYNDON STATION POLICE DEPT,WI,local_police
LYNNWOOD POLICE DEPT,WA,local_police
LYON COUNTY SHERIFF DEPT,NV,sheriff_dept
MA STATE POLICE DEPT,MA,state_police
MADAWASKA POLICE DEPT,ME,local_police
MADERA COUNTY SHERIFF DEPT,CA,sheriff_dept
MADISON COUNTY SHERIFF DEPT,FL,sheriff_dept
MADISON COUNTY SHERIFF DEPT,GA,sheriff_dept
MADISON COUNTY SHERIFF DEPT,AR,sheriff_dept
MADISON POLICE DEPT,WI,local_police
MADISON TOWNSHIP FIRE DEPT,OH,fire
MADISONVILLE POLICE DEPT,TN,local_police
MADISONVILLE POLICE DEPT,KY,local_police
MAGGIE VALLEY POLICE DEPT,NC,local_police
MAHONING CTY SHERIFF DEPT,OH,sheriff_dept
MAHONING VALLEY CRISIS RESPONSE,OH,
MAMMOTH LAKES POLICE DEPT,CA,local_police
MANALAPAN TOWNSHIP POLICE DEPT,NJ,local_police
MANCHESTER POLICE DEPT,GA,local_police
MANCHESTER POLICE DEPT,VT,local_police
MANCHESTER POLICE DEPT,NJ,local_police
MANCHESTER POLICE DEPT,TN,local_police
MANNING POLICE DEPT,SC,local_police
MANTECA POLICE DEPT,CA,local_police
MARANA POLICE DEPT,AZ,local_police
MARIETTA POLICE DEPT,GA,local_police
MARION COUNTY SHERIFF DEPT,FL,sheriff_dept
MARION COUNTY SHERIFF OFFICE,SC,sheriff_dept
MARION POLICE DEPT,IL,local_police
MARLBORO TOWNSHIP POLICE DEPT,NJ,local_police
MARLOW POLICE DEPT,OK,local_police
MARSEILLES POLICE DEPT,IL,local_police
MARSHALL COUNTY SHERIFF DEPT,KY,sheriff_dept
MARSHALLVILLE POLICE DEPT,OH,marshal
MARSHALS JUDICIARY OF GUAM,GU,marshal
MARSHFIELD POLICE DEPT,MA,local_police
MARSHFIELD POLICE DEPT,WI,local_police
MARTIN COUNTY SHERIFF'S OFFICE,KY,sheriff_dept
MARTINEZ POLICE DEPT,CA,local_police
MARYSVILLE POLICE DEPT,CA,local_police
MASCOUTAH POLICE DEPT,IL,local_police
MASON COUNTY SHERIFF DEPT,IL,sheriff_dept
MASON COUNTY SHERIFF DEPT,WA,sheriff_dept
MASON POLICE DEPT,TN,local_police
MASSAC COUNTY  SHERIFF DEPT,IL,sheriff_dept
MASSILLON POLICE DEPT,OH,local_police
MATHEWS COUNTY SHERIFF DEPT,VA,sheriff_dept
MAYFIELD HEIGHTS POLICE DEPT,OH,local_police
MAYSVILLE POLICE DEPT,NC,local_police
MCCONE COUNTY SHERIFF'S OFFICE,MT,sheriff_dept
MCCULLOM LAKE POLICE DEPT,IL,local_police
MCDOWELL COUNTY SHERIFF'S OFFICE,WV,sheriff_dept
MCEWEN POLICE DEPT,TN,local_police
MCHENRY COUNTY SHERIFF DEPT,IL,sheriff_dept
MCHENRY COUNTY SHERIFF DEPT,ND,sheriff_dept
MCHENRY POLICE DEPT,IL,local_police
MD STATE POLICE,MD,state_police
ME CORRECTIONAL CENTER,ME,prison
ME DEPT OF INLAND FISHERIES,ME,
ME DIVISION OF FOREST PROTECTION,ME,
MEAGHER CTY SHERIFF DEPT,MT,sheriff_dept
MEIGS COUNTY SHERIFF DEPT,TN,sheriff_dept
MEIGS CTY SHERIFF DEPT,OH,sheriff_dept
MEIGS POLICE DEPARTMENT,GA,local_police
MEMPHIS POLICE DEPT,TX,local_police
MENARD COUNTY SHERIFF DEPT,IL,sheriff_dept
MENTOR POLICE DEPT,OH,local_police
MERCED COUNTY DA,CA,district_attorney
MERIWETHER COUNTY SHERIFF DEPT,GA,sheriff_dept
MERRILLVILLE POLICE DEPT,IN,local_police
MESA POLICE DEPT,AZ,local_police
METHUEN POLICE DEPT,MA,local_police
METRO EAST AUTO THEFT TASK FORCE,IL,
METROPOLIS POLICE DEPT,IL,local_police
MIAMI COUNTY SHERIFF DEPT,KS,sheriff_dept
MIAMI GARDENS POLICE DEPARTMENT,FL,local_police
MIDDLE TOWNSHIP POLICE DEPT,NJ,local_police
MIDDLETON POLICE DEPT,TN,local_police
MIDDLETOWN POLICE DEPT,DE,local_police
MIDDLETOWN TOWNSHIP POLICE DEPT,NJ,local_police
MIDFIELD POLICE DEPT,AL,local_police
MIDLAND COUNTY SHERIFF DEPT,TX,sheriff_dept
MIDLOTHIAN POLICE DEPT,TX,local_police
MIDVALE POLICE DEPT,OH,local_police
MILAN POLICE DEPT,TN,local_police
MILFORD POLICE DEPT,DE,local_police
MILLCREEK TWP POLICE DEPT 2,PA,local_police
MILLEDGEVILLE POLICE DEPT,GA,local_police
MILLRY POLICE DEPT,AL,local_police
MILLSTADT POLICE DEPT,IL,local_police
MILLTOWN POLICE DEPT,IN,local_police
MILTON BORO POLICE DEPT,PA,local_police
MILTON POLICE DEPT,MA,local_police
MILTON POLICE DEPT,WA,local_police
MILTON POLICE DEPT,IN,local_police
MILTON POLICE DEPT,DE,local_police
MILWAUKEE POLICE DEPT,WI,local_police
MINERSVILLE POLICE DEPT,PA,local_police
MINTURN POLICE DEPARTMENT,CO,local_police
MISSION POLICE DEPT,TX,local_police
MISSOULA CTY SHERIFF DEPT,MT,sheriff_dept
MOBILE POLICE DEPT,AL,local_police
MOHAVE COUNTY SHERIFF DEPT,AZ,sheriff_dept
MOJAVE NATIONAL PRESERVE,CA,national_preserve
MONMOUTH COUNTY SHERIFF DEPT,NJ,sheriff_dept
MONMOUTH POLICE DEPT,OR,local_police
MONROE COUNTY SHERIFF DEPT,TN,sheriff_dept
MONROE COUNTY SHERIFF DEPT,KY,sheriff_dept
MONROEVILLE POLICE DEPT,OH,local_police
MONTE VISTA POLICE DEPT,CO,local_police
MONTEREY COUNTY SHERIFF DEPT,CA,sheriff_dept
MONTEREY POLICE DEPT,TN,local_police
MONTGOMERY COUNTY SHERIFF DEPT,TN,sheriff_dept
MONTGOMERY COUNTY SHERIFF DEPT,IL,sheriff_dept
MONTGOMERY CTY BOARD OF PARDONS,AL,
MONTGOMERY CTY FIRE MARSHAL'S OFFIC,TX,fire
MONTGOMERY CTY SHERIFF DEPT,OH,sheriff_dept
MONTGOMERY CTY SHERIFF'S OFFICE,TX,sheriff_dept
MONTGOMERY POLICE DEPT,WV,local_police
MONTPELIER POLICE DEPT,IN,local_police
MONTVILLE TWP POLICE DEPT,OH,local_police
MONUMENT POLICE DEPT,CO,local_police
MOODY POLICE DEPT,AL,local_police
MOORE COUNTY SHERIFF DEPT,NC,sheriff_dept
MOORE COUNTY SHERIFF DEPT,TN,sheriff_dept
MOORELAND POLICE DEPT,IN,local_police
MORA COUNTY SHERIFF DEPT,NM,sheriff_dept
MORAGA POLICE DEPT,CA,local_police
MORELAND HILLS POLICE DEPT,OH,local_police
MORGAN COUNTY SHERIFF DEPT,TN,sheriff_dept
MORGAN COUNTY SHERIFF DEPT,AL,sheriff_dept
MORGAN COUNTY SHERIFF DEPT,CO,sheriff_dept
MORGAN COUNTY SHERIFF DEPT,GA,sheriff_dept
MORRIS COUNTY PARK POLICE,NJ,parks
MORRISON POLICE DEPARTMENT,CO,local_police
MORRISONVILLE POLICE,IL,local_police
MORRISTOWN POLICE DEPT,IN,local_police
MORROW CTY  SHERIFF DEPT,OR,sheriff_dept
MORVEN POLICE DEPT,GA,local_police
MOUND CITY POLICE DEPARTMENT,IL,local_police
MOUNDS POLICE DEPT,IL,local_police
MOUNT CARMEL BOROUGH POLICE,PA,local_police
MOUNT CARMEL POLICE DEPT,TN,local_police
MOUNT CARMEL TWP POLICE DEPT,PA,local_police
MOUNT DORA POLICE DEPT,FL,local_police
MOUNT JULIET POLICE DEPT,TN,local_police
MOUNT PLEASANT POLICE DEPT,TX,local_police
MOUNT PLEASANT POLICE DEPT.,NY,local_police
MOUNT RAINIER POLICE DEPT,MD,local_police
MOUNT VERNON POLICE DEPT,WA,local_police
MOUNT VERNON POLICE DEPT,NY,local_police
MOUNT VERNON POLICE DEPT,AL,local_police
MOUNT ZION POLICE DEPT,GA,local_police
MOUNTAIN VIEW POLICE DEPT,CO,local_police
MULDRAUGH POLICE DEPT,KY,local_police
MULLINS POLICE DEPT,SC,local_police
MUNCIE POLICE DEPT,IN,local_police
MUNFORD POLICE DEPT,AL,local_police
MUNICIPALITY OF AGUADILLA,PR,local_police
MUNICIPALITY OF CIALES,PR,local_police
MUNICIPALITY OF HORMIGUEROS,PR,local_police
MUNICIPIO AUTONOMO DE VILLALBA,PR,local_police
MUNICIPIO DE MARICAO,PR,local_police
MUNICIPIO DE RIO GRANDE,PR,local_police
MUNICIPIO DE TRUJILLO ALTO,PR,local_police
MUNICPIO DE YABUCOA POLICIA MUNICIP,PR,local_police
MURRAY CITY POLICE DEPT,OH,local_police
MURRAYVILLE POLICE DEPT,IL,local_police
MUSCATINE COUNTY SHERIFF DEPT,IA,sheriff_dept
MUSCLE SHOALS POLICE DEPT,AL,local_police
MYRTLE BEACH POLICE DEPT,SC,local_police
NAPA COUNTY SHERIFF DEPT,CA,sheriff_dept
NAPERVILLE POLICE DEPT,IL,local_police
NASHVILLE AIRPORT POLICE,TN,airport_police
NASSAU COUNTY POLICE DEPT,NY,local_police
NASSAU COUNTY SHERIFF DEPT,FL,sheriff_dept
NATIONAL INSTITUTE OF HEALTH POLICE,MD,
NATL CAPITAL PARK POLICE  RIVERDALE,MD,parks
NAUGATUCK COM COLLEGE PUBLIC SAFETY,CT,public_safety
NC ALCOHOL LAW ENFORCEMENT,NC,
NC DEPT CRIME CONTROL  PUB SAFETY-,NC,
ND ATTY GEN BUREAU OF CRIMINAL INV,ND,
NECEDAH POLICE DEPT,WI,local_police
NELSON COUNTY SHERIFF DEPT,KY,sheriff_dept
NELSONVILLE POLICE DEPT,OH,local_police
NEPTUNE CITY POLICE DEPT,NJ,local_police
NEVADA COUNTY SHERIFF DEPT,CA,sheriff_dept
NEW ALBANY POLICE DEPT,IN,local_police
NEW BADEN POLICE DEPT,IL,local_police
NEW BRANTREE POLICE DEPT,MA,local_police
NEW BRITAIN POLICE DEPT,CT,local_police
NEW BRITAIN TOWNSHIP POLICE DEPT,PA,local_police
NEW CARLISLE POLICE DEPT,IN,local_police
NEW CARROLLTON POLICE DEPT,MD,local_police
NEW CASTLE CITY POLICE DEPT,DE,local_police
NEW CASTLE CO POLICE DEPT,DE,local_police
NEW CASTLE POLICE DEPT,NY,local_police
NEW JOHNSONVILLE POLICE DEPT,TN,local_police
NEW LEXINGTON POLICE DEPT,OH,local_police
NEW MADISON POLICE DEPT,OH,local_police
NEW MARKET POLICE DEPT,TN,local_police
NEWARK POLICE DEPT,DE,local_police
NEWBERRY COUNTY SHERIFF DEPT,SC,sheriff_dept
NEWBURGH TOWN POLICE DEPT,NY,local_police
NEWNAN POLICE DEPT,GA,local_police
NEWPORT POLICE DEPT,KY,local_police
NEWPORT POLICE DEPT,RI,local_police
NEWTON POLICE DEPT,AL,local_police
NH DEPT OF FISH AND GAME,NH,fish_and_wildlife
NH STATE POLICE,NH,state_police
NICHOLS POLICE DEPT,SC,local_police
NILES POLICE DEPARTMENT,IL,local_police
NILES POLICE DEPT,OH,local_police
NJ STATE POLICE AVIATION BUREAU,NJ,state_police
NJ STATE POLICE LAKEHURST,NJ,state_police
NJ STATE POLICE SPECIAL OPS SECTION,NJ,state_police
NJ STATE POLICE TRENTON,NJ,state_police
NM DEPT OF CORRECTIONS,NM,prison
NM STATE POLICE,NM,state_police
NM STATE UNIVERSITY POLICE DEPT,NM,local_police
NOBLESVILLE POLICE DEPARTMENT,IN,local_police
NOCONA POLICE DEPT,TX,local_police
NORCROSS POLICE DEPT,GA,local_police
NORFOLK POLICE DEPT,VA,local_police
NORMANDY PARK POLICE DEPT,WA,parks
NORRIS PUBLIC SAFETY,TN,public_safety
NORTH AUGUSTA POLICE,SC,local_police
NORTH AURORA POLICE DEPT,IL,local_police
NORTH BALTIMORE POLICE DEPT,OH,local_police
NORTH KINGSTOWN POLICE DEPT,RI,local_police
NORTH KINGSVILLE POLICE DEPT,OH,local_police
NORTH LEBANON TWP POLICE DEPT,PA,local_police
NORTH LIBERTY POLICE DEPT,IN,local_police
NORTH PEKIN POLICE DEPT,IL,local_police
NORTHPORT POLICE DEPT,AL,local_police
NORTHPORT POLICE DEPT,NY,local_police
NORWALK POLICE DEPT,OH,local_police
NOVATO POLICE DEPT,CA,local_police
NPS WIND CAVE NATIONAL PARK,SD,
NY STATE POLICE HEADQUARTERS,NY,state_police
OAK CREEK POLICE DEPT,WI,local_police
OAK HARBOR POLICE DEPT,WA,local_police
OAK HILL POLICE DEPT,OH,local_police
OAK RIDGE POLICE DEPT,TN,local_police
OAKDALE POLICE DEPT,CA,local_police
OAKHAM POLICE DEPT,MA,local_police
OBION POLICE DEPARTMENT,TN,local_police
OCEAN ISLE BEACH POLICE DEPT,NC,local_police
OCEAN TOWNSHIP POLICE DEPT,NJ,local_police
OCEANPORT POLICE DEPT,NJ,local_police
ODENVILLE POLICE DEPT,AL,local_police
ODIN POLICE DEPT,IL,local_police
OFFICE OF IG US DEPT OF HUD,PA,
OGLE COUNTY SHERIFF DEPT,IL,sheriff_dept
OH STATE HIGHWAY PATROL,OH,highway_patrol
OH STATE UNIV POLICE DEPT,OH,university_police
OHATCHEE POLICE DEPT,AL,local_police
OHIO COUNTY SHERIFF'S DEPT,WV,sheriff_dept
OHIO TOWNSHIP POLICE DEPT,PA,local_police
OKLAHOMA COUNTY SHERIFF DEPT,OK,sheriff_dept
OLD DOMINION UNIVERSITY POLICE DEPT,VA,local_police
OLD ORCHARD BEACH POLICE DEPT,ME,local_police
OLDHAM COUNTY POLICE DEPT,KY,local_police
OLDHAM COUNTY SHERIFF DEPT,KY,sheriff_dept
OLIVER SPRINGS POLICE DEPT,TN,local_police
OLNEY POLICE DEPARTMENT,TX,local_police
ONEIDA COUNTY SHERIFF DEPT,NY,sheriff_dept
ONEIDA POLICE DEPT,NY,local_police
ONEONTA POLICE DEPT,AL,local_police
OR STATE POLICE SALEM,OR,state_police
ORANGE CITY POLICE DEPT,FL,local_police
ORANGE COUNTY SHERIFF DEPT,VT,sheriff_dept
ORANGE COUNTY SHERIFF DEPT,FL,sheriff_dept
ORANGE COUNTY SHERIFF DEPT,CA,sheriff_dept
ORANGE POLICE DEPT,CT,local_police
ORANGE POLICE DEPT,VA,local_police
ORANGE VILLAGE POLICE DEPT,OH,local_police
OREGON POLICE DEPT,WI,local_police
ORO VALLEY POLICE DEPT,AZ,local_police
ORTING POLICE DEPARTMENT,WA,local_police
OSAGE COUNTY SHERIFF,KS,sheriff_dept
OSCEOLA COUNTY SHERIFF DEPT,FL,sheriff_dept
OTERO COUNTY SHERIFF DEPT,NM,sheriff_dept
OTSEGO COUNTY SHERIFF DEPT,NY,sheriff_dept
OTTAWA POLICE DEPT,IL,local_police
OTTAWA POLICE DEPT,OH,local_police
OUACHITA COUNTY SHERIFF DEPT,AR,sheriff_dept
OVERTON COUNTY SHERIFF DEPT,TN,sheriff_dept
OWENSVILLE POLICE DEPT,OH,local_police
OWINGSVILLE POLICE DEPT,KY,local_police
OXFORD COUNTY SHERIFF DEPT,ME,sheriff_dept
OXFORD POLICE DEPT,OH,local_police
OXFORD POLICE DEPT,AL,local_police
OXNARD POLICE DEPT,CA,local_police
OZARK POLICE DEPT,AL,local_police
OZAUKEE COUNTY SHERIFF DEPT,WI,sheriff_dept
PA DEPT OF GENERAL SVCS POLICE,PA,
PA LAW ENFORCEMENT PROGRAM,PA,
PA SOUTHERN REGIONAL POLICE DEPT,PA,local_police
PACIFIC COUNTY SHERIFF DEPT,WA,sheriff_dept
PADUCAH POLICE DEPT,KY,local_police
PAGE COUNTY SHERIFF DEPT,VA,sheriff_dept
PALACIOS POLICE DEPT,TX,local_police
PALATKA POLICE DEPT,FL,local_police
PALMER LAKE POLICE DEPT,CO,local_police
PALMER POLICE DEPT,MA,local_police
PALMYRA POLICE DEPT,IL,local_police
PALO PINTO COUNTY SHERIFF DEPT,TX,sheriff_dept
PANAMA CITY BEACH POLICE DEPT,FL,local_police
PARIS POLICE DEPT,TN,local_police
PARK COUNTY SHERIFF DEPT,CO,sheriff_dept
PARKE COUNTY SHERIFF OFFICE,IN,sheriff_dept
PARLIER POLICE DEPT,CA,local_police
PARRISH POLICE DEPT,AL,local_police
PARSONS POLICE DEPT,TN,local_police
PASADENA POLICE DEPARTMENT,CA,local_police
PASCO COUNTY SHERIFF DEPT,FL,sheriff_dept
PASSAIC COUNTY SHERIFF DEPARTMENT,NJ,sheriff_dept
PATILLAS POLICE DEPT,PR,local_police
PAXTANG BOROUGH POLCIE DEPT,PA,
PAYNE CTY SHERIFF DEPT,OK,sheriff_dept
PAYSON POLICE DEPT,AZ,local_police
PEARL RIVER VALLEY RESERVOIR PD,MS,
PECOS POLICE DEPT,TX,local_police
PEEKSKILL POLICE DEPT,NY,local_police
PEKIN PARK DISTRICT,IL,parks
PELHAM POLICE DEPT,AL,local_police
PELHAM POLICE DEPT,GA,local_police
PELL CITY POLICE DEPT,AL,local_police
PEMBERTON TOWNSHIP POLICE DEPT,NJ,local_police
PEMBINA COUNTY SHERIFF DEPT,ND,sheriff_dept
PENBROOK POLICE DEPT,PA,local_police
PENITAS POLICE DEPT,TX,local_police
PENOBSCOT COUNTY SHERIFF DEPT,ME,sheriff_dept
PERRY COUNTY SHERIFF OFFICE,TN,sheriff_dept
PERTH AMBOY POLICE DEPT,NJ,local_police
PETERSBURG POLICE DEPT,WV,local_police
PETROLEUM CTY SHERIFF DEPT,MT,sheriff_dept
PHARR POLICE DEPT,TX,local_police
PHILADELPHIA POLICE DEPT,PA,local_police
PHILLIPS COUNTY SHERIFF DEPT,AR,sheriff_dept
PHOENIX DEPT OF PUBLIC SAFETY,AZ,public_safety
PICKAWAY CTY SHERIFF DEPT,OH,sheriff_dept
PICKENS COUNTY SHERIFF DEPT,AL,sheriff_dept
PICKENS COUNTY SHERIFF DEPT,SC,sheriff_dept
PICKERINGTON POLICE DEPT,OH,local_police
PICKETT COUNTY SHERIFF DEPT,TN,sheriff_dept
PIEDMONT POLICE DEPARTMENT,AL,local_police
PIERCE COUNTY SHERIFF DEPT,WA,sheriff_dept
PIERCE COUNTY SHERIFF DEPT,WI,sheriff_dept
PIERMONT POLICE DEPT,NH,local_police
PIKE COUNTY SHERIFF DEPT,IN,sheriff_dept
PIMA COUNTY SHERIFF DEPT,AZ,sheriff_dept
PINAL COUNTY SHERIFF DEPT,AZ,sheriff_dept
PINE CREEK TOWNSHIP POLICE DEPT,PA,local_police
PINEHURST POLICE DEPT,NC,local_police
PINETOP-LAKESIDE POLICE DEPT,AZ,local_police
PINEVILLE POLICE DEPT,LA,local_police
PLACER COUNTY SHERIFF DEPT,CA,sheriff_dept
PLAINFIELD POLICE DEPT,IL,local_police
PLAINFIELD POLICE DEPT,NJ,local_police
PLANT CITY POLICE DEPT,FL,local_police
PLEASANT GROVE POLICE DEPT,AL,local_police
PLEASANT VIEW POLICE DEPT,TN,local_police
PLYMOUTH COUNTY SHERIFF DEPT,MA,sheriff_dept
POINT PLEASANT BEACH POLICE DEPT,NJ,local_police
POINT PLEASANT POLICE DEPT,NJ,local_police
POLICIA MUNICIPAL DE CANOVANAS,PR,local_police
POLK COUNTY  SHERIFF DEPT,TX,sheriff_dept
POLK COUNTY SHERIFF DEPT,FL,sheriff_dept
POLK COUNTY SHERIFF'S OFFICE,OR,sheriff_dept
POMONA POLICE DEPT,CA,local_police
PONCE MUNICIPAL POLICE,PR,local_police
PONTOTOC CTY SHERIFF DEPT,OK,sheriff_dept
POPE COUNTY SHERIFF DEPT,IL,sheriff_dept
PORT ANGELES POLICE DEPT,WA,local_police
PORT AUTHORITY OF GUAM POLICE,GU,
PORT CLINTON POLICE DEPT,OH,local_police
PORT HUENEME POLICE DEPT,CA,local_police
PORT OF SEATTLE POLICE DEPT,WA,local_police
PORT TOWNSEND POLICE DEPT,WA,local_police
PORT WASHINGTON POLICE DEPT,NY,local_police
PORTAGE COUNTY SHERIFF DEPT,WI,sheriff_dept
PORTAGE CTY SHERIFF DEPT,OH,sheriff_dept
PORTSMOUTH POLICE DEPT,VA,local_police
PORTSMOUTH SHERIFF DEPT,VA,sheriff_dept
POTTSTOWN POLICE DEPARTMENT,PA,local_police
POULAN POLICE DEPT,GA,local_police
POWDER RIVER CTY SHERIFF DEPT,MT,sheriff_dept
POWELL CTY SHERIFF DEPT,MT,sheriff_dept
PR DEPT OF NATURAL & ENV RESOURCES,PR,
PRATTVILLE POLICE DEPT,AL,local_police
PRESCOTT POLICE DEPT,AZ,local_police
PRESQUE ISLE POLICE DEPT,ME,local_police
PRESTON POLICE DEPT,ID,local_police
PRICHARD POLICE DEPT,AL,local_police
PRINCETON POLICE DEPT,TX,local_police
PRINCETON POLICE DEPT,WV,local_police
PRINCETON POLICE DEPT,IL,local_police
PROSPECT STATE TROOPER,CT,state_police
PROSPERITY POLICE DEPT,SC,local_police
PRUNTYTOWN CORRECTIONAL CENTER,WV,prison
PUEBLO COUNTY SHERIFF DEPT,CO,sheriff_dept
PUEBLO OF POJOAQUE TRIBAL PD,NM,native_police
PUERTO RICO POLICE DEPT,PR,local_police
PULASKI COUNTY SHERIFF OFFICE,IN,sheriff_dept
PULLMAN POLICE DEPT,WA,local_police
PURCELL POLICE DEPT,OK,local_police
PURYEAR POLICE DEPT,TN,local_police
PUTNAM COUNTY SHERIFF DEPT,IN,sheriff_dept
PUTNAM COUNTY SHERIFF DEPT,TN,sheriff_dept
PUTNAM COUNTY SHERIFF DEPT,FL,sheriff_dept
PUTNAM CTY SHERIFF DEPT,OH,sheriff_dept
PUTNAM POLICE DEPT,CT,local_police
QUANTICO POLICE DEPT,VA,local_police
QUARTZSITE POLICE DEPT,AZ,local_police
QUEEN ANNES COUNTY SHERIFF DEPT,MD,sheriff_dept
QUESTA POLICE DEPT,NM,local_police
QUINAULT INDIAN NATION,WA,native_police
QUINCY POLICE DEPT,WA,local_police
QUINCY POLICE DEPT,MA,local_police
QUITMAN COUNTY SHERIFF  OFFICE,GA,sheriff_dept
RACINE COUNTY SHERIFF DEPT,WI,sheriff_dept
RADCLIFF POLICE DEPT,KY,local_police
RAINBOW CITY POLICE DEPT,AL,local_police
RAMAH NAVAJO POLICE DEPT,NM,local_police
RANDOLPH COUNTY SHERIFF DEPT,AL,sheriff_dept
RAPIDES PARISH COUNTY SHERIFF DEPT,LA,sheriff_dept
RAVENNA POLICE DEPT,KY,local_police
RAYMOND POLICE DEPT,WA,local_police
RED BANK POLICE DEPT,NJ,local_police
RED OAK POLICE DEPT,TX,local_police
RED RIVER MARSHALS OFFICE,NM,marshal
REDLANDS POLICE DEPT,CA,local_police
REFUGIO COUNTY SHERIFF OFFICE,TX,sheriff_dept
REG EMER ALL-CLIMATE TNG CTR REACT,WI,
REHOBOTH POLICE,MA,local_police
REPUBLIC POLICE DEPT,OH,local_police
REVERE POLICE DEPT,MA,local_police
REXBURG POLICE DEPT,ID,local_police
REYNOLDSBURG POLICE DEPT,OH,local_police
RI DEPARTMENT OF CORRECTIONS,RI,prison
RICH SQUARE POLICE DEPT,NC,local_police
RICHLAND POLICE DEPT,GA,local_police
RICHLANDS POLICE DEPT,VA,local_police
RICHMOND COUNTY SHERIFF DEPT,GA,sheriff_dept
RICHMOND POLICE DEPT,CA,local_police
RICHMOND POLICE DEPT,IL,local_police
RICHMOND POLICE DEPT,TX,local_police
RIDGEFIELD POLICE DEPT,CT,local_police
RIDGELEY POLICE DEPT,WV,local_police
RIDGETOP POLICE DEPT,TN,local_police
RIGBY POLICE DEPT,ID,local_police
RIO ARRIBA COUNTY SHERIFF ESPANOLA,NM,sheriff_dept
RIO DELL POLICE DEPT,CA,local_police
RIO GRANDE POLICE DEPT,OH,local_police
RIO RANCHO POLICE DEPT,NM,local_police
RISING STAR POLICE DEPT,TX,local_police
RIVERSIDE COUNTY SHERIFF DEPT,CA,sheriff_dept
RIVERSIDE POLICE DEPT,AL,local_police
RIVERSIDE POLICE DEPT,CA,local_police
ROANE COUNTY SHERIFF DEPT,TN,sheriff_dept
ROANOKE CITY SHERIFF DEPT,VA,sheriff_dept
ROANOKE RAPIDS POLICE DEPT,NC,local_police
ROBINSON POLICE DEPT,IL,local_police
ROCK HILL POLICE DEPT,SC,local_police
ROCK ISLAND CTY METRO AIRPORT AUTH,IL,airport_police
ROCKDALE COUNTY SHERIFF DEPT,GA,sheriff_dept
ROCKFORD FIRE DEPT ARSON INVEST,IL,fire
ROCKINGHAM COUNTY SHERIFF DEPT,VA,sheriff_dept
ROCKINGHAM COUNTY SHERIFF DEPT,NH,sheriff_dept
ROCKLEDGE POLICE DEPT,FL,local_police
ROCKTON POLICE DEPT,IL,local_police
ROCKWALL COUNTY SHERIFF DEPT,TX,sheriff_dept
ROCKY FORD POLICE DEPT,CO,local_police
ROCKY MOUNT POLICE DEPT,VA,local_police
ROCKY RIDGE POLICE DEPT,OH,local_police
ROME CITY POLICE DEPT,IN,local_police
ROOSEVELT CTY SHERIFF DEPT,MT,sheriff_dept
ROSELAND POLICE DEPT,IN,local_police
ROUND LAKE PARK POLICE DEPT,IL,parks
ROUND ROCK POLICE DEPT,TX,local_police
ROYSTON POLICE DEPT,GA,local_police
RUIDOSO POLICE DEPT,NM,local_police
RUMFORD POLICE DEPT,ME,local_police
RUSK COUNTY SHERIFF DEPT,TX,sheriff_dept
RUSSELLS POINT POLICE DEPT,OH,local_police
RUSSELLVILLE CONSTABLE,AR,local_police
RUSSELLVILLE POLICE DEPT,AL,local_police
RUSTON POLICE DEPT,LA,local_police
RYE POLICE DEPT,NY,local_police
SACHSE POLICE DEPT,TX,local_police
SACRAMENTO COUNTY SHERIFF DEPT,CA,sheriff_dept
SACRAMENTO POLICE DEPT,CA,local_police
SADDLEBACK COLLEGE POLICE,CA,university_police
SAFFORD POLICE DEPT,AZ,local_police
SAINT CLAIR COUNTY SHERIFF DEPT,AL,sheriff_dept
SAINT CLAIR COUNTY SHERIFF DEPT,IL,sheriff_dept
SAINT CLOUD POLICE DEPT,FL,local_police
SAINT CROIX COUNTY  SHERIFFS DEPT,WI,sheriff_dept
SAINT JOHNS COUNTY SHERIFF DEPT,FL,sheriff_dept
SAINT JOSEPH CO POLICE DEPT,IN,local_police
SAINT JOSEPH COUNTY METRO HOMICIDE,IN,local_police
SAINT LUCIE COUNTY SHERIFF DEPT,FL,sheriff_dept
SAINT MATTHEWS POLICE DEPT,KY,local_police
SAINT MICHAELS POLICE DEPT,MD,local_police
SAINT TAMMANY PARISH SHERIFF DEPT,LA,sheriff_dept
SALEM POLICE DEPT,IN,local_police
SALINA POLICE DEPT,KS,local_police
SALINE COUNTY SHERIFF DEPT,AR,sheriff_dept
SALINE TWP POLICE DEPT,OH,local_police
SALT LAKE COUNTY SHERIFF DEPT,UT,sheriff_dept
SALT LAKE COUNTY UNIFIED POLICE DEPT,UT,local_police
SALTVILLE POLICE DEPT,VA,local_police
SAN ANTONIO POLICE DEPT,TX,local_police
SAN ANTONIO SCHOOL DISTRICT POLICE,TX,school_police
SAN BENITO POLICE DEPT,TX,local_police
SAN BERNARDINO CTY SHERIFF,CA,sheriff_dept
SAN FRANCISCO POLICE DEPT,CA,local_police
SAN GERMAN POLICE DEPT,PR,local_police
SAN JOAQUIN COUNTY SHERIFF DEPT,CA,sheriff_dept
SAN JOSE POLICE DEPT,CA,local_police
SAN JUAN COUNTY SHERIFF DEPT,NM,sheriff_dept
SAN LUIS OBISPO COUNTY SHERIFF,CA,sheriff_dept
SAN LUIS OBISPO POLICE DEPT,CA,local_police
SAN MARCOS POLICE DEPT,TX,local_police
SAN RAFAEL POLICE DEPT,CA,local_police
SAN SEBASTIAN POLICE DEPT,PR,local_police
SAND SPRINGS POLICE DEPT,OK,local_police
SANDERS CTY SHERIFF DEPT,MT,sheriff_dept
SANDERSVILLE POLICE DEPT,GA,local_police
SANDOVAL COUNTY SHERIFF DEPT,NM,sheriff_dept
SANDOWN POLICE DEPT,NH,local_police
SANDUSKY CTY SHERIFF DEPT,OH,sheriff_dept
SANFORD POLICE DEPT,ME,local_police
SANTA ANA POLICE DEPT,NM,local_police
SANTA BARBARA COUNTY SHERIFF DEPT,CA,sheriff_dept
SANTA CLARA COUNTY SHERIFF,CA,sheriff_dept
SANTA FE POLICE DEPT,NM,local_police
SANTA ISABEL POLICE DEPT,PR,local_police
SANTA MARIA POLICE DEPT,CA,local_police
SANTA ROSA COUNTY SHERIFF DEPT,FL,sheriff_dept
SARALAND POLICE DEPT,AL,local_police
SARDIS CITY POLICE DEPT,AL,local_police
SATSUMA POLICE DEPT,AL,local_police
SAVANNAH CHATHAM METRO PD,GA,local_police
SAYREVILLE POLICE DEPT,NJ,local_police
SC DNR COLUMBIA,SC,
SC LAW ENFORCEMENT DIVISION,SC,
SCARBOROUGH POLICE DEPT,ME,local_police
SCITUATE POLICE DEPT,MA,local_police
SCITUATE POLICE DEPT,RI,local_police
SCOTT COUNTY SHERIFF DEPT,IA,sheriff_dept
SCOTT COUNTY SHERIFF DEPT,KY,sheriff_dept
SCOTT COUNTY SHERIFF DEPT,IN,sheriff_dept
SCOTT COUNTY SHERIFF DEPT,TN,sheriff_dept
SCOTT COUNTY SHERIFF DEPT,AR,sheriff_dept
SCOTTSDALE POLICE DEPT,AZ,local_police
SD HIGHWAY PATROL,SD,highway_patrol
SEA BRIGHT POLICE DEPT,NJ,local_police
SEA GIRT BOROUGH POLICE DEPT,NJ,local_police
SEABROOK POLICE DEPT,NH,local_police
SEARSPORT POLICE DEPT,ME,local_police
SEASIDE PARK POLICE DEPT,NJ,local_police
SEATTLE POLICE DEPT,WA,local_police
SEDONA POLICE DEPT,AZ,local_police
SELAH POLICE DEPT,WA,local_police
SELBYVILLE POLICE DEPT,DE,local_police
SELMA POLICE DEPT,CA,local_police
SELMER POLICE DEPT,TN,local_police
SENECA POLICE DEPT,SC,local_police
SEQUATCHIE COUNTY SHERIFF DEPT,TN,sheriff_dept
SEQUIM POLICE DEPT,WA,local_police
SHAKER HEIGHTS POLICE DEPT,OH,local_police
SHAMOKIN POLICE DEPT,PA,local_police
SHASTA COUNTY SHERIFF DEPT,CA,sheriff_dept
SHAWNEE HILLS POLICE DEPT,OH,local_police
SHAWNEE POLICE DEPT,OK,local_police
SHELBY COUNTY SHERIFF DEPT,IN,sheriff_dept
SHELBY COUNTY SHERIFF DEPT,AL,sheriff_dept
SHELBY COUNTY SHERIFF DEPT.,IA,sheriff_dept
SHELBYVILLE POLICE DEPT,IN,local_police
SHENANDOAH COUNTY SHERIFF DEPT,VA,sheriff_dept
SHENANDOAH POLICE DEPT,VA,local_police
SHEPHERSDTOWN POLICE DEPT,WV,local_police
SHERMAN POLICE DEPT,IL,local_police
SHIPSHEWANA POLICE DEPARTMENT,IN,local_police
SHOSHONE COUNTY SHERIFF DEPT,ID,sheriff_dept
SHOW LOW POLICE DEPT,AZ,local_police
SHREWSBURY POLICE DEPT,NJ,local_police
SIERRA COUNTY SHERIFF DEPT,CA,sheriff_dept
SILVER SPRING TWP POLICE DEPT,PA,local_police
SIMPSON COUNTY  OFFICE,KY,
SIMPSONVILLE POLICE DEPT,KY,local_police
SKAMANIA COUNTY SHERIFF DEPT,WA,sheriff_dept
SLEEPY HOLLOW POLICE DEPT,IL,local_police
SLOCOMB POLICE DEPT,AL,local_police
SMITH COUNTY SHERIFF DEPT,TN,sheriff_dept
SMITHFIELD POLICE DEPT,RI,local_police
SNEAD POLICE DEPT,AL,local_police
SNOHOMISH COUNTY SHERIFF OFFICE,WA,sheriff_dept
SNOQUALMIE POLICE DEPT,WA,local_police
SOAP LAKE POLICE DEPT,WA,local_police
SOMERSET BORO POLICE DEPT,PA,local_police
SOMERSET COUNTY SHERIFF DEPT,MD,sheriff_dept
SOMERSET COUNTY SHERIFF DEPT,ME,sheriff_dept
SOMERSET POLICE DEPT,MA,local_police
SONOMA COUNTY SHERIFF DEPT,CA,sheriff_dept
SOUTH ANNVILLE TWP POLICE DEPT,PA,local_police
SOUTH LAKE TAHOE POLICE DEPT,CA,local_police
SOUTH PITTSBURG POLICE DEPT,TN,local_police
SOUTH POINT POLICE DEPT,OH,local_police
SOUTHAMPTON TOWN POLICE DEPT,NY,local_police
SOUTHAMPTON VILLAGE POLICE DEPT,NY,local_police
SOUTHBRIDGE POLICE DEPT,MA,local_police
SOUTHEASTERN OHIO REGIONAL JAIL,OH,prison
SOUTHGATE POLICE DEPT,KY,local_police
SOUTHSIDE POLICE DEPT,AL,local_police
SPAULDING POLICE DEPT,IL,local_police
SPEARMAN POLICE DEPT,TX,local_police
SPENCER COUNTY SHERIFF,KY,sheriff_dept
SPOKANE COUNTY SHERIFF OFFICE,WA,sheriff_dept
SPRING GROVE POLICE DEPT,IL,local_police
SPRING HILL POLICE DEPT,TN,local_police
SPRING LAKE BOROUGH POLICE DEPT,NJ,local_police
SPRING TWP POLICE DEPT READING,PA,local_police
SPRINGFIELD FIRE DEPT ARSON BUREAU,IL,fire
SPRINGFIELD POLICE DEPT,IL,local_police
SPRINGFIELD POLICE DEPT,OR,local_police
SPRINGFIELD POLICE DEPT,OH,local_police
SPRINGFIELD TOWNSHIP POLICE DEPT,PA,local_police
SPRINGVILLE POLICE DEPT,AL,local_police
SQUAXIN ISLAND TRIBAL POLICE,WA,native_police
STANISLAUS COUNTY SHERIFF'S DEPT,CA,sheriff_dept
STANLEY POLICE DEPT,VA,local_police
STANLY COUNTY SHERIFF DEPT,NC,sheriff_dept
STARKE POLICE DEPT,FL,local_police
STEAMBOAT SPRINGS POLICE DEPT,CO,local_police
STEPHENS COUNTY SHERIFF DEPT,TX,sheriff_dept
STEPHENS CTY SHERIFF DEPT,OK,sheriff_dept
STEPHENSON COUNTY SHERIFF DEPT,IL,sheriff_dept
STEUBEN COUNTY SHERIFF DEPT,IN,sheriff_dept
STEVENS POINT POLICE DEPT,WI,local_police
STEWART COUNTY SHERIFF DEPT,GA,sheriff_dept
STEWART COUNTY SHERIFF DEPT,TN,sheriff_dept
STOCKTON POLICE DEPT,IL,local_police
STOCKTON UNIFIED SCHOOL DIST POLICE,CA,school_police
STRAFFORD COUNTY SHERIFF DEPT,NH,sheriff_dept
STRATFORD POLICE DEPT,CT,local_police
STRATTON POLICE DEPT,CO,local_police
STRATTON POLICE DEPT,OH,local_police
STRAWN MARSHAL'S OFFICE,TX,marshal
STREATOR POLICE DEPT,IL,local_police
STRYKER POLICE DEPT,OH,local_police
STURGEON BAY POLICE DEPT,WI,local_police
SUFFOLK COUNTY POLICE DEPT,NY,local_police
SUFFOLK COUNTY SHERIFF DEPT,NY,sheriff_dept
SUGAR GROVE POLICE DEPT,OH,local_police
SUMITON POLICE DEPT,AL,local_police
SUMMA HEALTH POLICE PROTECTIVE SVCS,OH,
SUMMIT CTY SHERIFF DEPT,OH,sheriff_dept
SUMTER COUNTY SHERIFF DEPT,GA,sheriff_dept
SUMTER POLICE DEPT,SC,local_police
SUNLAND PARK POLICE DEPT,NM,parks
SUNNYSIDE POLICE DEPT,WA,local_police
SUPERIOR POLICE DEPT,WI,local_police
SURPRISE POLICE DEPT,AZ,local_police
SUSQUEHANNA TWP POLICE HARRISBURG,PA,local_police
SWAINSBORO POLICE DEPT,GA,local_police
SWANSEA POLICE DEPT,MA,local_police
SWANTON VILLAGE POLICE DEPT,VT,local_police
SWEETWATER COUNTY SHERIFF'S OFFICE,WY,sheriff_dept
SWEETWATER POLICE DEPT,FL,local_police
SYLACAUGA POLICE DEPT,AL,local_police
SYLVESTER POLICE DEPT,GA,local_police
SYRACUSE POLICE DEPT,NY,local_police
TABOR CITY POLICE DEPT,NC,local_police
TAFT POLICE DEPT,CA,local_police
TAFT POLICE DEPT,TX,local_police
TALLAPOOSA COUNTY SHERIFF DEPT,AL,sheriff_dept
TAMPICO POLICE DEPT,IL,local_police
TAZEWELL COUNTY SHERIFF DEPT,VA,sheriff_dept
TEAGUE POLICE DEPT,TX,local_police
TEHACHAPI POLICE DEPT,CA,local_police
TELFAIR CTY SHERIFF DEPT,GA,sheriff_dept
TELLER COUNTY SHERIFF DEPT,CO,sheriff_dept
TEMPE POLICE DEPT,AZ,local_police
TENNILLE POLICE DEPT,GA,local_police
TERRELL CTY SHERIFF DEPT,TX,sheriff_dept
TETON COUNTY SHERIFF DEPT,ID,sheriff_dept
TEXLINE CITY MARSHAL,TX,marshal
THATCHER POLICE DEPT,AZ,local_police
THURSTON COUNTY SHERIFF DEPT,WA,sheriff_dept
TINTON FALLS POLICE DEPT,NJ,local_police
TN 18TH JUDICAL DTF,TN,narcotics
TN 1ST JUDICIAL DISTRICT DTF,TN,narcotics
TN 21ST JUDICIAL DISTRICT DTF,TN,narcotics
TN 23RD JUDICIAL DISTRICT DTF,TN,narcotics
TN 24TH JUDICIAL DISTRICT DTF,TN,narcotics
TN 9TH JUDICIAL DISTRICT DA,TN,narcotics
TN DEPT OF PUBLIC SAFETY,TN,public_safety
TN LAW ENFORCEMENT TRNG ACADEMY,TN,training
TN STATE PARK MONTGOMERY BELL,TN,parks
TOA ALTA POLICE DEPT,PR,local_police
TOLLAND POLICE DEPT,MA,local_police
TOMBALL POLICE DEPARTMENT,TX,local_police
TOMBSTONE MARSHAL DEPT,AZ,marshal
TOMPKINSVILLE CITY POLICE DEPT,KY,local_police
TONTITOWN POLICE DEPT,AR,local_police
TORRANCE COUNTY SHERIFF DEPT,NM,sheriff_dept
TOXEY POLICE DEPT,AL,local_police
TRAVELERS REST POLICE DEPT,SC,local_police
TRAVIS COUNTY SHERIFF DEPT,TX,sheriff_dept
TRENTON POLICE DEPT,TN,local_police
TRENTON POLICE DEPT,FL,local_police
TRIGG COUNTY SHERIFF'S OFFICE,KY,sheriff_dept
TRINIDAD POLICE DEPT,CO,local_police
TRINIDAD POLICE DEPT,TX,local_police
TRINITY CO CONSTABLE PRECINCT 2,TX,local_police
TRINITY COUNTY SHERIFF  DEPT,TX,sheriff_dept
TRION POLICE DEPT,GA,local_police
TRITON COLLEGE POLICE DEPARTMENT,IL,local_police
TROUSDALE COUNTY SHERIFF DEPT,TN,sheriff_dept
TROY POLICE DEPT,TN,local_police
TRUMBULL CO SHERIFF DEPT,OH,sheriff_dept
TRURO TOWNSHIP FIRE DEPT,OH,fire
TRUSSVILLE POLICE DEPT,AL,local_police
TRUSSVILLE SPECIAL INV UNIT,AL,
TUCSON POLICE DEPT,AZ,local_police
TULALIP TRIBAL POLICE,WA,native_police
TULARE COUNTY SHERIFF DEPT,CA,sheriff_dept
TULSA COUNTY  SHERIFF'S OFFICE,OK,sheriff_dept
TUSCUMBIA POLICE DEPT,AL,local_police
TX DEPT OF CRIMINAL JUSTICE IG,TX,inspector_general
TX DEPT OF PUB SAF - RANGERS,TX,ranger
TX DEPT OF PUB SAF AIRCRAFT,TX,
TX DEPT OF PUB SAF AUSTIN NARC,TX,narcotics
TYLER COUNTY CONSTABLE PCT 2,TX,local_police
TYLER COUNTY CONSTABLE PCT 4,TX,local_police
TYLER COUNTY SHERIFF DEPT,TX,sheriff_dept
TYNGSBOROUGH POLICE DEPT,MA,local_police
UHRICHSVILLE POLICE DEPT,OH,local_police
ULSTER COUNTY SHERIFF DEPT,NY,sheriff_dept
UNICOI COUNTY SHERIFF DEPT,TN,sheriff_dept
UNION BEACH POLICE,NJ,local_police
UNION CITY POLICE DEPT,OH,local_police
UNION CITY POLICE DEPT,GA,local_police
UNION COUNTY SHERIFF DEPT,GA,sheriff_dept
UNION COUNTY SHERIFF DEPT,KY,sheriff_dept
UNION COUNTY SHERIFF DEPT,IN,sheriff_dept
UNION COUNTY SHERIFF'S OFFICE,NM,sheriff_dept
UNION CTY SHERIFF DEPT,OH,sheriff_dept
UNION PACIFIC RAILROAD POLICE DEPT,NE,local_police
UNION TOWNSHIP POLICE DEPT,NJ,local_police
UNIONTOWN POLICE DEPT,OH,local_police
UNITED STATES MARSHAL SERVICE,IA,marshal
UNIV OF AKRON POLICE DEPT,OH,university_police
UNIV OF AL HUNTSVILLE POLICE,AL,university_police
UNIV OF AR LITTLE ROCK POLICE,AR,university_police
UNIV OF AZ POLICE DEPT,AZ,university_police
UNIV OF LOUISVILLE POLICE DEPT,KY,university_police
UNIV OF MD COLLEGE PARK POLICE,MD,university_police
UNIV OF SC SPARTANBURG POLICE DEPT,SC,university_police
UNIV OF TEXAS AT ARLINGTON POLICE,TX,university_police
UNIV OF WI PARKSIDE POLICE DEPT,WI,university_police
UPPER GWYNEDD TOWNSHIP  POLICE,PA,local_police
US BORDER PATROL,AZ,highway_patrol
US CIA SECURITY PROTECTIVE SERVICE,VA,
"US DEPT AGRIC, FS, LAW ENF & INV",SD,
US DEPT OF AGRICULTURE US FOREST SV,AZ,
US DEPT OF STATE NARC ENFORCEMENT,FL,narcotics
US DEPT OF TRANSPORTATION - OIG,DC,
US DEPT OF VA INDIANAPOLIS,IN,
US DEPT OF VA MUSKOGEE,OK,
US DEPT OF VA WEST LOS ANGELES,CA,
US DHS CBP AGUADILLA,PR,cbp
US DHS CBP AIR & MARINE OK CITY,OK,cbp
US DHS CBP AIR/MARINE PORT ANGELES,WA,cbp
US DHS CBP AREA PORT OF SEATTLE,WA,cbp
US DHS CBP ARLINGTON OTIA,VA,cbp
US DHS CBP BELLINGHAM,WA,cbp
US DHS CBP BONNERS FERRY,ID,cbp
US DHS CBP CHULA VISTA,CA,cbp
US DHS CBP COORD CENTER EL PASO,TX,cbp
US DHS CBP DEL RIO,TX,cbp
US DHS CBP DENVER,CO,cbp
US DHS CBP EL PASO BORTAC,TX,cbp
US DHS CBP EL PASO COMMUNITY DIV,TX,cbp
US DHS CBP EL PASO SECTOR,TX,cbp
US DHS CBP FORCE OPTIONS TRNG,CA,cbp
US DHS CBP FT BENNING FIREARMS,GA,cbp
US DHS CBP JACKSONVILLE,FL,cbp
US DHS CBP LONG BEACH,CA,cbp
US DHS CBP MARFA,TX,cbp
US DHS CBP OFFICE OF AIR AND MARINE,WA,cbp
US DHS CBP PORT ANGELES,WA,cbp
US DHS CBP SUMAS,WA,cbp
US DHS CBP TUCSON AIR,AZ,cbp
US DHS CBP TUCSON HQ SECTOR,AZ,cbp
US DHS FPS FEDERAL WAY,WA,dhs
US DHS HIS,NY,dhs
US DHS HSI HOUSTON,TX,dhs
US DHS HSI NEW ORLEANS,LA,dhs
US DHS ICE,OH,ice
US DHS ICE BLAINE,WA,ice
US DHS ICE CHEYENNE,WY,ice
US DHS ICE DC,DC,ice
US DHS ICE EL PASO,TX,ice
US DHS ICE ERO SPEC RESPONSE TEAM,CA,ice
US DHS ICE FT MYERS,FL,ice
US DHS ICE HOMELAND SEC INV,PA,ice
US DHS ICE INVESTIGATIONS,DC,ice
US DHS ICE INVESTIGATIONS NEWARK,NJ,ice
US DHS ICE JACKSONVILLE,FL,ice
US DHS ICE LAREDO,TX,ice
US DHS ICE LONG BEACH,CA,ice
US DHS ICE LOS FRESNOS,TX,ice
US DHS ICE MIAMI REMOVAL OPS,FL,ice
US DHS ICE NATIONAL ARMORY OPS,PA,ice
US DHS ICE NATIONAL BEST UNIT,DC,ice
US DHS ICE PHOENIX,AZ,ice
US DHS ICE PORT ANGELES,WA,ice
US DHS ICE PUEBLO,CO,ice
US DHS ICE SAN DIEGO,CA,ice
US DHS ICE SEATTLE,WA,ice
US DHS ICE ST GEORGE,UT,ice
US DHS ICE WINSTON SALEM,NC,ice
US DHS INVESTIGATION STERLING,VA,dhs
US DHS INVESTIGATIONS CO SPRINGS,CO,dhs
US DHS INVESTIGATIONS TACOMA,WA,dhs
US DOI BIA OJS DISTR,OK,bia
US DOI BUR OF LAND MGMT DURANGO,CO,blm
US DOI BUR OF LAND MGMT SALT LAKE,UT,blm
US DOI BUR OF LAND MGMT TUCSON,AZ,blm
US DOI NPS  TENNESSEE,TN,nps
US DOI NPS BLUE RIDGE,NC,nps
US DOI NPS CLEVELAND NATL FOREST,CA,nps
US DOI NPS HEREFORD,AZ,nps
US DOI NPS HQ DC,DC,nps
US DOI NPS KENNESAW MTN N,GA,nps
US DOI NPS MAMMOTH CAVE,KY,nps
US DOI NPS YOSEMITE,CA,nps
US DOJ ATF ANCHORAGE,AK,atf
US DOJ ATF BIRMINGHAM,AL,atf
US DOJ ATF DC,DC,atf
US DOJ ATF HOUSTON,TX,atf
US DOJ ATF PROVIDENCE,RI,atf
US DOJ ATF RENTON,WA,atf
US DOJ ATF SEATTLE,WA,atf
US DOJ ATF SPECIAL RESPONSE TEAM 4,CA,atf
US DOJ ATF STERLING,VA,atf
US DOJ ATF WICHITA,KS,atf
US DOJ DEA ANCHORAGE,AK,dea
US DOJ DEA AUSTIN,TX,dea
US DOJ DEA CAMARILLO,CA,dea
US DOJ DEA CENTENNIAL,CO,dea
US DOJ DEA DALLAS,TX,dea
US DOJ DEA FLORENCE,SC,dea
US DOJ DEA FORT WORTH,TX,dea
US DOJ DEA HOUSTON,TX,dea
US DOJ DEA INDIANAPOLIS,IN,dea
US DOJ DEA PHILADELPHIA,PA,dea
US DOJ DEA PHOENIX,AZ,dea
US DOJ DEA RALEIGH,NC,dea
US DOJ DEA SACRAMENTO,CA,dea
US DOJ DEA SALT LAKE CITY,UT,dea
US DOJ DEA TACOMA TNET TASK FORCE,WA,dea
US DOJ DEA TULSA,OK,dea
US DOJ DEA WOOSTER MEDWAY,OH,dea
US DOJ FBI ANCHORAGE,AK,fbi
US DOJ FBI BIRMINGHAM DIVISION,AL,fbi
US DOJ FBI CINCINNATI DIVISION,OH,fbi
US DOJ FBI MILWAUKEE,WI,fbi
US DOJ FBI OKLAHOMA CITY DIVISION,OK,fbi
US DOJ FBI SALT LAKE CITY,UT,fbi
US EPA CRIMINAL INV ATLANTA,GA,epa
US FBI CLEVELAND,OH,fbi
US FBI DALLAS MAIN DIVISION,TX,fbi
US FBI HARRISBURG,PA,fbi
US FBI HOUSTON,TX,fbi
US FBI LOUISVILLE,KY,fbi
US FBI NEW HAVEN,CT,fbi
US FBI SACRAMENTO,CA,fbi
US FBI SAN JUAN FIELD OFFICE,PR,fbi
US FBI SEATTLE,WA,fbi
US FEDERAL AIR MARSHAL COLLEGE PARK,GA,parks
US FISH & WILDLIFE FT WORTH,TX,fish_and_wildlife
US FISH AND WILDLIFE SERVICE,NC,fish_and_wildlife
US FOREST SERVICE LEI SALT LAKE,UT,forest_service
US MARSHAL SERVICE ALASKA,AK,marshal
US MARSHAL SERVICE ATLANTA,GA,marshal
US MARSHAL SERVICE BOSTON,MA,marshal
US MARSHAL SERVICE CASPER,WY,marshal
US MARSHAL SERVICE CLARKSBURG,WV,marshal
US MARSHAL SERVICE GULF COAST FTF,AL,marshal
US MARSHAL SERVICE PROVIDENCE,RI,marshal
US MARSHAL SERVICE SAVANNAH,GA,marshal
US MARSHAL SERVICE SHREVEPORT,LA,marshal
US MARSHAL SERVICE TAMPA,FL,marshal
US MARSHAL SERVICE TN MIDDLE DIST,TN,marshal
US MARSHAL SERVICE YAKIMA,WA,marshal
US MARSHAL SVC COLUMBUS,OH,marshal
US MARSHAL SVC WESTERN DIST OF PA,PA,marshal
US POSTAL INSPECTION SERVICE,TX,postal
US POSTAL INSPECTION SERVICE,IL,postal
US SECRET SERVICE JACKSONVILLE,FL,secret_service
US TREASURY INSP GEN TAX ADMIN LE,GA,inspector_general
USDA FOREST SERVICE LEI ARLINGTON,VA,forest_service
USDA FOREST SERVICE LEI CLARKSTON,WA,forest_service
USDA FOREST SERVICE LEI CORONADO,AZ,forest_service
USDA FOREST SERVICE LEI DAN BOONE,KY,forest_service
USDA FOREST SERVICE LEI IDABEL,OK,forest_service
USDA FOREST SERVICE LEI LUFKIN,TX,forest_service
USDA FOREST SERVICE LEI MENDOCINO,CA,forest_service
USDA FOREST SERVICE LEI NELSONVILLE,OH,forest_service
USDA FOREST SERVICE LEI NEW BERN,NC,forest_service
USDA FOREST SERVICE LEI SW REGION,NM,forest_service
USDA FOREST SERVICE LEI WINCHESTER,KY,forest_service
USFS GIFFORD PINCHOT NAT'L FOREST,WA,forest_service
UT DIVISION OF WILDLIFE RESOURCES,UT,
VA COMMONWEALTH PROTECTION INST,VA,
VA STATE POLICE,VA,state_police
VACAVILLE POLICE DEPT,CA,local_police
VALDESE POLICE DEPT,NC,local_police
VALLEY CTY SHERIFF DEPT,MT,sheriff_dept
VAN ZANDT COUNTY SHERIFF DEPT,TX,sheriff_dept
VEGA BAJA POLICE DEPT,PR,local_police
VENTURA COUNTY SHERIFF DEPT,CA,sheriff_dept
VERNON PARISH SHERIFF DEPT,LA,sheriff_dept
VERSAILLES POLICE DEPT,KY,local_police
VESTAVIA HILLS POLICE DEPT,AL,local_police
VICTORIA COUNTY SHERIFF DEPT,TX,sheriff_dept
VIENNA POLICE DEPT,IL,local_police
VIENNA POLICE DEPT,WV,local_police
VIENNA POLICE DEPT,GA,local_police
VIEQUES POLICE DEPT,PR,local_police
VIGO COUNTY SHERIFF DEPT,IN,sheriff_dept
VILLA HILLS POLICE DEPT,KY,local_police
VILLA RICA POLICE DEPT,GA,local_police
VINCENT POLICE DEPT,AL,local_police
VINE GROVE POLICE DEPT,KY,local_police
VIROQUA POLICE DEPT,WI,local_police
WA DEPT OF CORRECTIONS,WA,prison
WA DEPT OF FISH AND WILDLIFE,WA,fish_and_wildlife
WABAUNSEE COUNTY SHERIFF DEPT,KS,sheriff_dept
WADLEY POLICE DEPT,GA,local_police
WAELDER POLICE DEPT,TX,local_police
WAHKIAKUM COUNTY SHERIFF,WA,sheriff_dept
WAKE COUNTY SHERIFF DEPT,NC,sheriff_dept
WALBRIDGE POLICE DEPT,OH,local_police
WALKER COUNTY SHERIFF DEPT,AL,sheriff_dept
WALKER COUNTY SHERIFF DEPT,GA,sheriff_dept
WALKERTON POLICE DEPT,IN,local_police
WALL TOWNSHIP POLICE DEPT,NJ,local_police
WALLA WALLA COUNTY SHERIFF OFFICE,WA,sheriff_dept
WALLA WALLA POLICE DEPT,WA,local_police
WALLER CTY CONSTABLE PRECINCT 2,TX,local_police
WALLER POLICE DEPT,TX,local_police
WALSH COUNTY SHERIFF DEPT,ND,sheriff_dept
WALTON COUNTY SHERIFF DEPT,GA,sheriff_dept
WARD COUNTY SHERIFF DEPT,ND,sheriff_dept
WARD POLICE DEPT,AR,local_police
WARE COUNTY SHERIFF DEPT,GA,sheriff_dept
WAREHAM POLICE DEPT,MA,local_police
WARMINSTER TWP POLICE DEPT,PA,local_police
WARNER ROBINS POLICE DEPT,GA,local_police
WARREN COUNTY SHERIFF DEPT,NY,sheriff_dept
WARRENSVILLE HEIGHTS FIRE INV,OH,fire
WARRENSVILLE HEIGHTS POLICE DEPT,OH,local_police
WARWICK POLICE DEPT,GA,local_police
WASHAKIE COUNTY SHERIFF'S OFFICE,WY,sheriff_dept
WASHBURN COUNTY SHERIFF DEPT,WI,sheriff_dept
WASHBURN POLICE DEPT,WI,local_police
WASHINGTON COUNTY SHERIFF DEPT,GA,sheriff_dept
WASHINGTON COUNTY SHERIFF DEPT,IL,sheriff_dept
WASHINGTON COUNTY SHERIFF'S OFFICE,TN,sheriff_dept
WASHINGTON SCHOOL DISTRICT POLICE,FL,school_police
WASHOE COUNTY SHERIFF DEPT,NV,sheriff_dept
WATAUGA DEPT OF PUBLIC SAFETY,TX,public_safety
WATERTOWN POLICE DEPT,CT,local_police
WATERVILLE VALLEY POLICE DEPT,NH,local_police
WAUPACA COUNTY SHERIFF DEPT,WI,sheriff_dept
WAUSEON POLICE DEPT,OH,local_police
WAVERLY POLICE DEPT,TN,local_police
WAVERLY POLICE DEPT,IL,local_police
WAYNE COUNTY SHERIFF DEPT,KY,sheriff_dept
WAYNE COUNTY SHERIFF OFFICE,NC,sheriff_dept
WAYNESFIELD POLICE DEPT,OH,local_police
WEATHERLY POLICE DEPARTMENT,PA,local_police
WEAVER POLICE DEPT,AL,local_police
WEBSTER COUNTY SHERIFF DEPT,GA,sheriff_dept
WELD COUNTY SHERIFF DEPT,CO,sheriff_dept
WELLESLEY POLICE DEPT,MA,local_police
WELLFORD POLICE DEPT,SC,local_police
WEST BEND POLICE DEPT,WI,local_police
WEST COVINA POLICE DEPT,CA,local_police
WEST HARTFORD POLICE DEPT,CT,local_police
WEST HAZLETON POLICE DEPT,PA,local_police
WEST HEMPFIELD TWP POLICE DEPT,PA,local_police
WEST LAFAYETTE POLICE DEPT,IN,local_police
WEST POINT POLICE DEPT,KY,local_police
WEST SHORE REGIONAL POLICE,PA,local_police
WEST TERRE HAUTE POLICE DEPT,IN,local_police
WEST UNION POLICE DEPT,SC,local_police
WEST WARWICK POLICE DEPT,RI,local_police
WEST WENDOVER POLICE DEPT,NV,local_police
WEST YORK BOROUGH POLICE DEPT,PA,local_police
WESTCHESTER POLICE DEPARTMENT,IL,local_police
WESTERN COLLEGE POLICE DEPT,AZ,local_police
WESTFIELD POLICE DEPT,IN,local_police
WESTMINSTER POLICE DEPT,CO,local_police
WESTON POLICE DEPT,WV,local_police
WESTPORT POLICE DEPARTMENT,MA,local_police
WESTPORT POLICE DEPT,CT,local_police
WETUMPKA POLICE DEPT,AL,local_police
WHATCOM COUNTY SHERIFF DEPT,WA,sheriff_dept
WHEATLAND CTY SHERIFF OFFICE,MT,sheriff_dept
WHEELER CTY SHERIFF DEPT,OR,sheriff_dept
WHEELING POLICE DEPT,IL,local_police
WHITE BLUFF POLICE DEPT,TN,local_police
WHITE COUNTY SHERIFF DEPT,TN,sheriff_dept
WHITESBURG POLICE DEPT,GA,local_police
WHITESTOWN POLICE DEPT,IN,local_police
WI DNR BUREAU OF LAW & PARKS,WI,parks
WI OFFICE OF JUSTICE ASSISTANCE,WI,
WI STATE CAPITOL POLICE,WI,local_police
WICHITA COUNTY SHERIFF DEPT,TX,sheriff_dept
WICHITA FALLS POLICE DEPT,TX,local_police
WILDWOOD POLICE DEPT,NJ,local_police
WILDWOOD POLICE DEPT,FL,local_police
WILKINSON COUNTY SHERIFF OFFICE,GA,sheriff_dept
WILL COUNTY SHERIFF DEPT,IL,sheriff_dept
WILLACOOCHEE POLICE DEPT,GA,local_police
WILLARD POLICE DEPT,OH,local_police
WILLIAMS POLICE DEPT,AZ,local_police
WILLIAMSON COUNTY SHERIFF OFFICE,TX,sheriff_dept
WILLISTON POLICE DEPT,FL,local_police
WILLISVILLE POLICE DEPT,IL,local_police
WILSON COUNTY SHERIFF DEPT,TN,sheriff_dept
WILSONVILLE POLICE DEPT,IL,local_police
WINCHESTER POLICE DEPT,CT,local_police
WINDSOR POLICE DEPT,VA,local_police
WINFIELD POLICE DEPT,TX,local_police
WINLOCK POLICE DEPT,WA,local_police
WINNSBORO DEPT OF PUBLIC SAFETY,SC,public_safety
WINSLOW POLICE DEPT,IL,local_police
WINSLOW POLICE DEPT,AZ,local_police
WINTERVILLE POLICE DEPT,NC,local_police
WINTHROP HARBOR POLICE DEPT,IL,local_police
WISE COUNTY SHERIFF DEPT,VA,sheriff_dept
WISE COUNTY SHERIFF DEPT,TX,sheriff_dept
WOLCOTT POLICE DEPT,CT,local_police
WOLCOTTVILLE POLICE DEPT,IN,local_police
WOLFE CITY POLICE DEPT,TX,local_police
WOLFFORTH POLICE DEPT,TX,local_police
WOOD COUNTY SHERIFF DEPT,WI,sheriff_dept
WOOD COUNTY SHERIFF'S OFFICE,WV,sheriff_dept
WOOD DALE POLICE DEPT,IL,local_police
WOODBURN POLICE DEPT,IN,local_police
WOODBURY POLICE DEPT,CT,local_police
WOODFORD COUNTY SHERIFF DEPT,KY,sheriff_dept
WOODLAND POLICE DEPT,CA,local_police
WOODSTOCK POLICE DEPT,GA,local_police
WOODVILLE POLICE DEPT,TX,local_police
WOONSOCKET POLICE DEPT,RI,local_police
WORCESTER POLICE DEPT,MA,local_police
WORTHAM POLICE DEPARTMENT,TX,local_police
WV STATE POLICE S CHARLESTON,WV,state_police
WYANDOTTE COUNTY SHERIFF OFFICE,KS,sheriff_dept
Wyoming Office of Homeland Security,WY,dhs
YAKIMA CITY POLICE DEPT,WA,local_police
YALE UNIV POLICE DEPT,CT,university_police
YAMHILL CTY SHERIFF DEPT,OR,sheriff_dept
YANKTON POLICE DEPT,SD,local_police
YORK COUNTY SHERIFF DEPT,ME,sheriff_dept
YORK-POQUOSON SHERIFF DEPT,VA,sheriff_dept
YOUNG COUNTY SHERIFF DEPT,TX,sheriff_dept
YUMA COUNTY SHERIFF DEPT,CO,sheriff_dept
YUMA COUNTY SHERIFF DEPT,AZ,sheriff_dept
YUMA POLICE DEPT,AZ,local_police
ZIEBACH COUNTY SHERIFF OFFICE,SD,sheriff_dept